generation,time,avg_layers,avg_hidden_layer_size,avg_moves,best_agent_fitness,best_agent_wins_percentage,best_agent_avg_performance
0,0.0467418,2,0,0,86,NaN,0
1,0.0995953,2.07,1,8,81,50,25
2,0.1602286,2.14,1.1428571428571428,5,77,50,40
3,0.22830519999999999,2.25,1.08,5,75,50,40
4,0.280336,2.28,1.1428571428571428,5.815789473684211,65,68.42105263157895,33.33333333333333
5,0.3195066,2.27,1.0740740740740742,5.7,68,75,33.61344537815126
6,0.3593421,2.35,1.1714285714285715,2.5930232558139537,62,69.76744186046511,50
7,0.3994643,2.42,1.1428571428571428,3.453488372093023,64,50,36.53846153846153
8,0.4381509,2.57,1.2280701754385965,4.806818181818182,72,79.54545454545455,35.714285714285715
9,0.4800647,2.68,1.3235294117647058,4.673913043478261,67,80.43478260869566,33.1858407079646
10,0.5199797,2.77,1.3766233766233766,4.066666666666666,90,78.88888888888889,43.36734693877551
11,0.5620288,2.88,1.3068181818181819,4.0978260869565215,86,79.34782608695652,43.06930693069307
12,0.6012954,3.01,1.3267326732673268,4.074468085106383,85,76.59574468085107,44.11764705882353
13,0.6415892000000001,3.09,1.3302752293577982,4.095744680851064,93,74.46808510638297,44.11764705882353
14,0.6802045000000001,3.08,1.3796296296296295,4.074468085106383,85,72.3404255319149,44.554455445544555
15,0.7188080000000001,3.09,1.4678899082568808,4.09375,77,71.875,44.927536231884055
16,0.7521949000000001,3.1,1.5727272727272728,4.074468085106383,72,70.2127659574468,45.27363184079602
17,0.7868718000000001,3.09,1.688073394495413,4.052083333333333,70,67.70833333333334,45.812807881773395
18,0.8221190000000002,3.1,1.6818181818181819,4.040816326530612,69,66.3265306122449,46.116504854368934
19,0.8608377000000001,3.07,1.6542056074766356,3.3958333333333335,82,78.125,44.80874316939891
20,0.8997859000000001,3.11,1.5855855855855856,3.40625,86,80.20833333333334,45.108695652173914
21,0.9366494000000002,3.12,1.6875,3.4081632653061225,91,77.55102040816327,42.473118279569896
22,0.9715297000000002,3.13,1.7168141592920354,3.375,90,77.08333333333334,41.11111111111111
23,1.0072530000000002,3.11,1.7477477477477477,3.3541666666666665,92,73.95833333333334,39.8876404494382
24,1.0455658,3.23,1.8455284552845528,3.36734693877551,89,74.48979591836735,38.46153846153847
25,1.0849975,3.16,1.9310344827586208,3.326530612244898,88,72.44897959183673,36.87150837988827
26,1.1238843,3.24,1.9112903225806452,3.2857142857142856,85,70.40816326530613,35.22727272727273
27,1.1628623,3.25,2.024,3.316326530612245,83,70.40816326530613,34.463276836158194
28,1.2020502,3.27,2.0393700787401574,3.3469387755102042,80,70.40816326530613,32.758620689655174
29,1.2375003,3.43,1.993006993006993,3.2,74,67,25
30,1.2739958,3.34,2.0522388059701493,3.2,79,69,24.84472049689441
31,1.3090265,3.38,2.0579710144927534,3.24,82,66,26.543209876543212
32,1.3464513,3.42,2.0774647887323945,3.2653061224489797,84,68.36734693877551,26.70807453416149
33,1.3820263,3.41,2.1773049645390072,3.295918367346939,82,67.3469387755102,27.77777777777778
34,1.4191023,3.49,2.2348993288590604,3.8877551020408165,83,64.28571428571429,38.421052631578945
35,1.4580916,3.53,2.2745098039215685,3.98,82,65,37.68844221105528
36,1.498259,3.54,2.396103896103896,4,91,64,38
37,1.539774,3.38,2.5,4.08,82,63,38.72549019607843
38,1.5822653,3.37,2.5036496350364965,4.010204081632653,80,62.244897959183675,38.775510204081634
39,1.6250556,3.34,2.574626865671642,4.051020408163265,72,62.244897959183675,38.38383838383838
40,1.667343,3.37,2.5036496350364965,4.071428571428571,73,62.244897959183675,38.19095477386934
41,1.7112976,3.37,2.562043795620438,4.15,63,63,38.46153846153847
42,1.7562418,3.5,2.473333333333333,4.16,68,62,38.46153846153847
43,1.7996628,3.42,2.5774647887323945,4.4,66,56.00000000000001,35.42600896860987
44,1.8439628,3.52,2.4539473684210527,4.428571428571429,61,56.12244897959183,34.54545454545455
45,1.8880229,3.51,2.5231788079470197,4.438775510204081,65,48.97959183673469,36.405529953917046
46,1.9331722,3.59,2.5534591194968552,4.214285714285714,66,60.204081632653065,38.83495145631068
47,1.9812898,3.66,2.5060240963855422,3.36,69,56.99999999999999,36.26373626373626
48,2.0252145,3.72,2.4709302325581395,3.35,68,56.99999999999999,34.806629834254146
49,2.0699041,3.67,2.562874251497006,4.24,65,60,38.388625592417064
50,2.1161877000000002,3.63,2.6319018404907975,3.33,64,56.00000000000001,35
51,2.1622878,3.65,2.587878787878788,4.17,65,60,38.64734299516908
52,2.2117841,3.79,2.5083798882681565,4.49,65,55.00000000000001,35.24229074889868
53,2.2641238,3.82,2.5,4.51,69,55.00000000000001,34.64912280701755
54,2.3142534,3.81,2.3812154696132595,4.22,64,60,38.57142857142858
55,2.3609185,3.63,2.625766871165644,2.76,61,34,49.23076923076923
56,2.4053781,3.79,2.368715083798883,2.77,65,35,48.091603053435115
57,2.4543405000000003,3.87,2.267379679144385,4.245098039215686,59,57.84313725490197,39.53488372093023
58,2.5014398000000004,3.91,2.3089005235602094,2.803921568627451,63,36.27450980392157,48.529411764705884
59,2.5496856000000006,4.04,2.3088235294117645,4.254901960784314,59,58.82352941176471,39.81481481481482
60,2.5959062000000004,4.1,2.2904761904761903,2.784313725490196,62,36.27450980392157,48.148148148148145
61,2.6428278000000005,4.12,2.2358490566037736,2.764705882352941,64,36.27450980392157,47.76119402985074
62,2.6875120000000003,4.19,2.2009132420091326,2.8333333333333335,63,37.254901960784316,47.82608695652174
63,2.7345915000000005,4.12,2.2641509433962264,2.85,62,35,50.37037037037037
64,2.7846193000000006,4.06,2.3398058252427183,2.87,61,37,48.175182481751825
65,2.8314860000000004,4.02,2.400990099009901,3.06,63,38,51.70068027210885
66,2.8769201000000004,4.08,2.3413461538461537,2.74,63,36,45.38461538461539
67,2.9202442000000004,4.31,2.16017316017316,2.74,66,38,45.038167938931295
68,2.9635966000000002,4.37,2.1181434599156117,3.03,67,37,50.3448275862069
69,3.0058956,4.2,2.172727272727273,3.1372549019607843,62,40.19607843137255,51.61290322580645
70,3.0512899,4.07,2.217391304347826,4.03921568627451,59,58.82352941176471,41.951219512195124
71,3.0983081,4.08,2.2163461538461537,3,62,40.19607843137255,48.64864864864865
72,3.1410579000000003,4.13,2.2535211267605635,3.088235294117647,61,37.254901960784316,50.993377483443716
73,3.1849616000000003,4.15,2.2232558139534886,4.078431372549019,60,57.84313725490197,42.78846153846153
74,3.2303453,4.06,2.29126213592233,2.9901960784313726,66,37.254901960784316,49.31506849315068
75,3.2754768000000003,4.1,2.2714285714285714,2.9705882352941178,63,39.21568627450981,49.31506849315068
76,3.3243968,4.25,2.1555555555555554,3.01,63,37,49.30555555555556
77,3.3721483,4.27,2.154185022026432,2.98,66,40,47.22222222222222
78,3.4211086,4.43,2.1316872427983538,3.17,62,41,52.5974025974026
79,3.4691333,4.41,2.211618257261411,3.05,61,39,46.93877551020408
80,3.5168655,4.41,2.215767634854772,3.04,63,40,50.34013605442177
81,3.5654451000000003,4.45,2.220408163265306,3.12,58,40,49.00662251655629
82,3.6123128,4.5,2.232,3.0980392156862746,58,40.19607843137255,50.326797385620914
83,3.6585578,4.54,2.251968503937008,2.8333333333333335,60,41.17647058823529,44.285714285714285
84,3.7073276,4.43,2.3497942386831276,3.088235294117647,64,39.21568627450981,48.68421052631579
85,3.7566930000000003,4.47,2.3036437246963564,3.284313725490196,59,41.17647058823529,52.760736196319016
86,3.802344,4.42,2.3595041322314048,3.1372549019607843,62,40.19607843137255,49.67741935483871
87,3.8508807000000003,4.5,2.308,3.2549019607843137,61,42.15686274509804,50.617283950617285
88,3.899925,4.57,2.32295719844358,3.93,60,56.00000000000001,45.40816326530612
89,3.9475156,4.65,2.2528301886792454,3.14,59,40,48.026315789473685
90,3.9915891,4.64,2.2083333333333335,2.83,52,41,44.52554744525548
91,4.0323818000000005,4.6,2.169230769230769,2.73,50,41,39.39393939393939
92,4.0758093,4.61,2.210727969348659,3.11,58,41,48.34437086092716
93,4.116767,4.61,2.1762452107279695,3.26,50,42,49.685534591194966
94,4.1605393,4.63,2.159695817490494,3.284313725490196,55,41.17647058823529,49.079754601226995
95,4.2041178,4.63,2.2015209125475286,4.813725490196078,53,37.254901960784316,41.42259414225941
96,4.2504463,4.65,2.2528301886792454,3.2058823529411766,54,41.17647058823529,49.685534591194966
97,4.3089427,4.65,2.177358490566038,3.2941176470588234,53,42.15686274509804,48.78048780487805
98,4.362992800000001,4.52,2.1587301587301586,3.303921568627451,50,43.13725490196079,49.09090909090909
99,4.426031600000001,4.71,2.169741697416974,2.8627450980392157,51,34.31372549019608,16.666666666666664
100,4.479323100000001,4.69,2.16728624535316,3.176470588235294,50,40.19607843137255,49.044585987261144
101,4.529670400000001,4.73,2.1575091575091574,3.2,52,40,49.67741935483871
102,4.602345100000002,4.73,2.131868131868132,3.29,52,41,50.625
103,4.669466700000002,4.77,2.1624548736462095,4.71,53,37,42.35807860262008
104,4.725401600000001,4.75,2.192727272727273,3.31,55,43,49.382716049382715
105,4.779334900000001,4.75,2.130909090909091,4.59,54,37,43.04932735426009
106,4.831093300000001,4.84,2.1514084507042255,1.93,52,50,47.31182795698925
107,4.879105900000001,4.94,2.061224489795918,3.35,52,43,51.829268292682926
108,4.925620100000001,5.13,2.05111821086262,4.86,53,38,40.50632911392405
109,4.970066000000001,5.16,2.0664556962025316,3.37,55,43,49.696969696969695
110,5.018318300000001,5.23,2.0743034055727554,3.19,58,41,49.03225806451613
111,5.065071500000001,5.15,2.123809523809524,3.31,53,43,51.23456790123457
112,5.111889800000001,5.19,2.1630094043887147,3.64,55,44,51.955307262569825
113,5.1626286000000015,5.37,2.2255192878338277,3.5392156862745097,55,43.13725490196079,51.9774011299435
114,5.2323422000000015,5.36,2.2351190476190474,3.284313725490196,54,43.13725490196079,50
115,5.281788800000001,5.36,2.2797619047619047,3.343137254901961,54,43.13725490196079,49.700598802395206
116,5.329170300000001,5.36,2.300595238095238,4.637254901960785,56,39.21568627450981,41.99134199134199
117,5.390656400000001,5.39,2.3333333333333335,4.9411764705882355,55,40.19607843137255,40.08097165991903
118,5.441490700000001,5.38,2.3254437869822486,3.5980392156862746,54,43.13725490196079,52.22222222222223
119,5.492785400000001,5.33,2.3003003003003,3.9019607843137254,57,55.88235294117647,46.231155778894475
120,5.5392245,5.45,2.373913043478261,3.9411764705882355,59,54.90196078431373,46
121,5.5859939,5.82,2.2853403141361257,3.7254901960784315,55,56.86274509803921,46.8421052631579
122,5.6330539,5.88,2.2731958762886597,3.4019607843137254,59,45.09803921568628,50.29239766081871
123,5.6777239,5.67,2.343324250681199,2.764705882352941,58,34.31372549019608,19.858156028368796
124,5.7228522,5.63,2.3333333333333335,2.6470588235294117,56,35.294117647058826,16.296296296296298
125,5.7713547,5.89,2.282776349614396,2.696078431372549,55,39.21568627450981,15.328467153284672
126,5.8178871999999995,5.97,2.2443324937027707,2.38,56,51,55.65217391304348
127,5.867343999999999,5.84,2.3098958333333335,4.58,57,38,41.70403587443946
128,5.914163199999999,5.84,2.4140625,4.65,55,39,41.85022026431718
129,5.962339999999999,5.67,2.446866485013624,3.6,56,44,52.54237288135594
130,6.012607699999999,5.69,2.4742547425474255,4.88,54,40,39.74895397489539
131,6.068102499999999,5.84,2.4609375,2.71,53,38,15.555555555555555
132,6.119689899999999,5.74,2.5,2.72,55,40,16.911764705882355
133,6.165355899999999,5.86,2.5310880829015545,4.8,52,40,40
134,6.210540399999999,5.79,2.5567282321899736,2.85,53,53,18.571428571428573
135,6.258873799999999,5.55,2.6338028169014085,3.59,52,45,51.41242937853108
136,6.306445199999999,5.56,2.668539325842697,5.19,53,41,37.64705882352941
137,6.356088899999999,5.57,2.689075630252101,4.87,52,41,38.912133891213394
138,6.404573299999999,5.67,2.645776566757493,4.696078431372549,50,41.17647058823529,40.85106382978723
139,6.456015299999999,5.7,2.654054054054054,5.186274509803922,54,39.21568627450981,38.22393822393823
140,6.513080399999999,5.49,2.7478510028653296,1.9215686274509804,50,50,46.808510638297875
141,6.563217999999999,5.86,2.704663212435233,3.627450980392157,57,44.11764705882353,52.197802197802204
142,6.616755999999999,5.8,2.736842105263158,3.4607843137254903,57,45.09803921568628,50.57471264367817
143,6.6706116999999985,5.57,2.7591036414565826,3.9607843137254903,56,55.88235294117647,45.04950495049505
144,6.721522599999998,5.75,2.7013333333333334,3.284313725490196,55,43.13725490196079,49.390243902439025
145,6.772101799999998,5.53,2.7138810198300285,4,58,38.23529411764706,48.98989898989899
146,6.821159099999998,5.71,2.665768194070081,3.8823529411764706,58,36.27450980392157,47.64397905759162
147,6.870055099999998,5.69,2.6666666666666665,4.931372549019608,55,41.17647058823529,38.8663967611336
148,6.917102599999998,5.85,2.6545454545454548,3.950980392156863,54,37.254901960784316,49.743589743589745
149,6.965874299999998,5.73,2.6729222520107236,3.4019607843137254,53,45.09803921568628,48.53801169590643
150,7.018710099999998,5.57,2.697478991596639,3.4019607843137254,54,45.09803921568628,49.122807017543856
151,7.067844199999998,5.75,2.6986666666666665,3.61,54,45,51.68539325842697
152,7.121602899999998,5.56,2.730337078651685,3.43,56,45,50.29585798816568
153,7.1729132999999985,5.51,2.757834757834758,4.7,59,42,40.25974025974026
154,7.224179099999999,5.41,2.771260997067449,3.43,57,47,49.411764705882355
155,7.273055799999999,5.51,2.740740740740741,3.55,56,47,50
156,7.326350999999999,5.58,2.684357541899441,3.87,54,37,49.19786096256685
157,7.381136999999999,5.69,2.6151761517615175,4.84,54,40,40.08438818565401
158,7.437572999999999,5.81,2.5564304461942258,3.88,53,38,50
159,7.493814199999998,5.77,2.6153846153846154,3.95,55,35,50.526315789473685
160,7.553614099999998,5.77,2.623342175066313,3.31,54,45,49.079754601226995
161,7.612641999999998,5.67,2.673024523160763,4.73,54,43,40.343347639484975
162,7.6779709999999985,5.7,2.637837837837838,4.64,56,44,40.61135371179039
163,7.748771999999999,5.73,2.6273458445040214,4.990196078431373,56,43.13725490196079,38.645418326693225
164,7.8151845999999985,5.86,2.577720207253886,5.0588235294117645,54,44.11764705882353,37.64705882352941
165,7.8823447999999985,5.86,2.588082901554404,4.980392156862745,53,44.11764705882353,38.645418326693225
166,7.948096799999998,5.78,2.6507936507936507,4.833333333333333,52,43.13725490196079,39.09465020576132
167,8.0107276,5.81,2.622047244094488,2.9607843137254903,54,49.01960784313725,22.972972972972975
168,8.076286099999999,5.77,2.636604774535809,2.9901960784313726,55,51.9607843137255,21.333333333333336
169,8.1408744,5.75,2.624,4.284313725490196,69,39.21568627450981,41.78403755868544
170,8.2161955,5.66,2.6475409836065573,5.137254901960785,55,40.19607843137255,38.13229571984436
171,8.2907095,5.82,2.575916230366492,5.078431372549019,52,42.15686274509804,36.86274509803922
172,8.3672428,5.83,2.5274151436031334,5.03921568627451,50,42.15686274509804,37.54940711462451
173,8.4426151,5.75,2.570666666666667,4.970588235294118,57,41.17647058823529,38.95582329317269
174,8.5250291,6,2.5175,4.921568627450981,57,42.15686274509804,39.27125506072874
175,8.6033937,6.08,2.5049019607843137,5.303921568627451,52,43.13725490196079,36.329588014981276
176,8.6803983,6.19,2.5704057279236276,5.33,53,43,35.741444866920155
177,8.7614357,6.31,2.5336426914153134,2.98,54,46,42.17687074829932
178,8.8368644,6.16,2.5865384615384617,4.97,53,43,37.95918367346939
179,8.9141364,6.01,2.6483790523690773,5.3,55,42,36.39846743295019
180,8.9873435,5.85,2.787012987012987,3.92,56,35,45.69892473118279
181,9.0617917,5.79,2.746701846965699,3.9,56,36,45.40540540540541
182,9.1367045,5.67,2.896457765667575,3.92,60,35,46.48648648648649
183,9.213376,5.62,2.9668508287292816,3.33,58,45,46.95121951219512
184,9.2898237,5.67,2.9100817438692097,3.42,60,48,48.23529411764706
185,9.3639291,5.66,2.918032786885246,4.91,54,43,38.84297520661157
186,9.4379024,5.57,3.0028011204481793,3.58,56,48,49.43820224719101
187,9.5061079,5.62,2.9337016574585637,3.53,57,47,48
188,9.573546499999999,5.66,2.912568306010929,3.5588235294117645,59,49.01960784313725,47.51381215469613
189,9.6439738,5.61,2.9529085872576175,5.352941176470588,57,44.11764705882353,36.2962962962963
190,9.705198,5.66,2.948087431693989,3.4607843137254903,60,49.01960784313725,47.72727272727273
191,9.7673746,5.78,2.9021164021164023,3.0098039215686274,57,47.05882352941176,40.78947368421053
192,9.834173700000001,5.76,2.890957446808511,3.4901960784313726,55,48.03921568627451,49.152542372881356
193,9.8975529,5.81,2.8818897637795278,3.5,56,47.05882352941176,49.717514124293785
194,9.9607767,5.85,2.8337662337662337,2.9019607843137254,54,42.15686274509804,20.13422818791946
195,10.0253804,5.76,2.8882978723404253,5.019607843137255,55,44.11764705882353,37.54940711462451
196,10.0917356,5.66,2.959016393442623,5.0588235294117645,51,42.15686274509804,38.582677165354326
197,10.1589616,5.82,2.892670157068063,3.5686274509803924,54,48.03921568627451,49.72375690607735
198,10.2308059,5.81,2.9763779527559056,3.519607843137255,55,47.05882352941176,48.31460674157304
199,10.300729,5.81,3.015748031496063,3.4313725490196076,54,46.07843137254902,47.398843930635834
200,10.3763047,5.83,3.0417754569190603,3.519607843137255,54,47.05882352941176,48.31460674157304
201,10.449233900000001,5.95,2.992405063291139,3.519607843137255,52,47.05882352941176,48.31460674157304
202,10.519547000000001,5.82,3.0968586387434556,3.6,54,48,49.162011173184354
203,10.5934492,5.94,3.0736040609137056,5.196078431372549,53,42.15686274509804,37.93103448275862
204,10.666396800000001,5.94,3.0558375634517767,4.96,52,42,38.9344262295082
205,10.7437494,6.02,3.029850746268657,3.5294117647058822,53,48.03921568627451,49.162011173184354
206,10.8178835,5.96,3.106060606060606,3.68,53,48,38.67403314917127
207,10.8926853,5.78,3.267195767195767,4.186274509803922,53,57.84313725490197,42.32558139534884
208,10.9674408,5.84,3.2838541666666665,5.64,54,46,34.285714285714285
209,11.0370346,5.81,3.3149606299212597,3.5294117647058822,53,46.07843137254902,47.752808988764045
210,11.1039633,5.76,3.372340425531915,4.99,54,45,38.46153846153847
211,11.1690365,5.81,3.351706036745407,3.4901960784313726,57,46.07843137254902,48.86363636363637
212,11.249238700000001,5.88,3.3711340206185567,5.12,53,44,38.3399209486166
213,11.344094700000001,6.06,3.2881773399014778,3.4901960784313726,53,46.07843137254902,49.43181818181818
214,11.435899000000001,6.25,3.24,3.81,53,45,51.59574468085106
215,11.5312809,6.29,3.265734265734266,5.2745098039215685,54,44.11764705882353,37.21804511278196
216,11.6357534,6.29,3.2354312354312356,5.24,52,44,36.67953667953668
217,11.730164700000001,6.42,3.1968325791855206,3.019607843137255,50,38.23529411764706,19.607843137254903
218,11.817129800000002,6.51,3.17960088691796,3.57,52,47,48.58757062146893
219,11.913212400000003,6.76,3.0357142857142856,2.8137254901960786,52,42.15686274509804,17.482517482517483
220,12.020131700000002,6.9,2.975510204081633,3.37,53,47,46.706586826347305
221,12.124756500000002,6.92,2.967479674796748,5.264705882352941,50,43.13725490196079,36.22641509433962
222,12.224981800000002,6.9,3.0306122448979593,3.01,50,47,40.26845637583892
223,12.332158500000002,6.95,3.0646464646464646,5.107843137254902,52,43.13725490196079,38.91050583657588
224,12.424611400000002,7.09,3.011787819253438,5.4,52,44,35.95505617977528
225,12.522463800000002,6.94,3.1214574898785425,5.549019607843137,56,46.07843137254902,35.231316725978644
226,12.622323800000002,6.6,3.358695652173913,3.4705882352941178,57,48.03921568627451,47.72727272727273
227,12.716925700000003,6.67,3.310492505353319,5.06,55,46,37.45019920318725
228,12.818989800000002,6.8,3.2625,5.049019607843137,55,45.09803921568628,38.43137254901961
229,12.905132800000002,6.73,3.285412262156448,5.36,57,44,36.22641509433962
230,12.998207900000002,6.82,3.2178423236514524,3.6176470588235294,59,45.09803921568628,50
231,13.091632300000002,6.87,3.2340862422997945,5.35,58,45,35.84905660377358
232,13.181902900000003,6.86,3.2777777777777777,3.0392156862745097,58,46.07843137254902,41.17647058823529
233,13.272270600000002,6.9,3.304081632653061,3.51,63,47,47.701149425287355
234,13.365592600000003,7.07,3.193293885601578,5.03921568627451,58,46.07843137254902,37.64705882352941
235,13.452080300000002,7.15,3.1495145631067962,3.1,58,46,41.17647058823529
236,13.531741400000001,7.11,3.1389432485322897,3.4901960784313726,58,46.07843137254902,47.72727272727273
237,13.614132000000001,7.11,3.0861056751467713,3.51,59,47,45.97701149425287
238,13.6935692,7.13,3.0994152046783627,3.5294117647058822,56,46.07843137254902,47.752808988764045
239,13.7813294,7.2,3.1153846153846154,5.53,54,43,35.16483516483517
240,13.8718742,7.34,3.0280898876404496,5.245098039215686,54,43.13725490196079,37.121212121212125
241,13.9606826,7.37,3.003724394785847,3.03,53,47,40
242,14.0503696,7.76,2.8993055555555554,5.049019607843137,55,43.13725490196079,37.79527559055118
243,14.1453449,7.87,2.8875638841567293,5.18,50,44,36.71875
244,14.2424313,7.73,2.917975567190227,5.529411764705882,50,44.11764705882353,35.12544802867383
245,14.3340684,7.64,2.975177304964539,2.93,52,41,18.493150684931507
246,14.4425476,7.55,3.007207207207207,3.4607843137254903,52,49.01960784313725,47.159090909090914
247,14.561417899999999,7.42,3.0682656826568264,3.04,50,48,41.05960264900662
248,14.685932,7.48,3.045620437956204,3.5686274509803924,53,48.03921568627451,49.171270718232044
249,14.832405399999999,7.62,3.0284697508896796,5.33,52,45,35.60606060606061
250,14.943450599999998,7.74,2.991289198606272,5.362745098039215,52,45.09803921568628,36.162361623616235
251,15.045524699999998,7.88,2.925170068027211,5.362745098039215,50,45.09803921568628,36.162361623616235
252,15.142523699999998,7.93,2.9510961214165263,5.25,52,45,37.30769230769231
253,15.246984599999998,7.88,2.9489795918367347,5.049019607843137,50,45.09803921568628,38.03921568627451
254,15.346635899999997,7.86,2.9726962457337884,3.55,52,47,48.29545454545455
255,15.444459799999997,7.7,2.975438596491228,4.176470588235294,59,55.88235294117647,43.925233644859816
256,15.555873299999996,7.78,3.008650519031142,5.44,53,46,35.55555555555556
257,15.658523299999997,8.09,2.9704433497536944,3.1666666666666665,54,47.05882352941176,41.875
258,15.805846899999997,7.92,2.989864864864865,5.4,52,46,36.19402985074627
259,15.961065799999997,7.93,3.0236087689713322,4.607843137254902,78,46.07843137254902,40.343347639484975
260,16.102835499999998,8.01,3.031613976705491,3.59,54,49,50.27932960893855
261,16.294938799999997,8,2.975,5.284313725490196,50,45.09803921568628,35.580524344569284
262,16.695801799999998,7.85,3.0085470085470085,5.22,52,44,37.2093023255814
263,16.8179192,7.91,2.9509306260575294,2.8823529411764706,53,41.17647058823529,17.006802721088434
264,16.973944,8.02,2.9551495016611296,3.9,56,51,37.30569948186528
265,17.0885138,7.71,3.052539404553415,3.156862745098039,50,48.03921568627451,41.875
266,17.212158000000002,7.93,2.9679595278246205,5.52,54,44,35.53113553113553
267,17.332502800000004,7.96,2.9412751677852347,5.529411764705882,54,44.11764705882353,35.483870967741936
268,17.445980600000002,8.15,2.8894308943089433,3.5,53,46,46.24277456647399
269,17.559194100000003,8.28,2.837579617834395,3.5392156862745097,54,47.05882352941176,46.927374301675975
270,17.665735,8.42,2.79595015576324,3.48,59,48,47.398843930635834
271,17.775999600000002,8.59,2.7587253414264037,3.0980392156862746,58,46.07843137254902,41.66666666666667
272,17.882159700000003,8.43,2.827371695178849,3.18,60,46,43.31210191082803
273,17.993304000000002,8.38,2.8495297805642634,2.264705882352941,61,50,54.86725663716814
274,18.098390300000002,8.21,2.925925925925926,2.96,59,48,38.775510204081634
275,18.198066400000002,8.27,2.909090909090909,3.049019607843137,60,47.05882352941176,40.25974025974026
276,18.296936300000002,8.16,2.9675324675324677,3.0588235294117645,60,48.03921568627451,40.64516129032258
277,18.393264400000003,7.96,3.0553691275167787,2.43,59,50,58.333333333333336
278,18.496396500000003,8.11,2.9950900163666123,2.372549019607843,58,50,57.98319327731093
279,18.587272000000002,8.12,2.9836601307189543,2.27,58,50,57.65765765765766
280,18.680259600000003,8.21,2.9533011272141705,4.098039215686274,56,57.84313725490197,43.127962085308056
281,18.7733051,8.09,3.0213464696223316,3.58,53,46,49.152542372881356
282,18.866374200000003,8.23,2.995184590690209,5.186274509803922,54,43.13725490196079,37.93103448275862
283,18.9704316,8.32,2.9699367088607596,3.78,56,48,50
284,19.0733986,8.48,2.950617283950617,2.3529411764705883,54,50,57.98319327731093
285,19.178445,8.47,2.972179289026275,5.34,53,46,35.471698113207545
286,19.2737558,8.63,2.9351432880844643,5.254901960784314,56,46.07843137254902,36.09022556390977
287,19.3693061,8.55,3.001526717557252,5.32,50,46,37.121212121212125
288,19.4713816,8.52,3.0076687116564416,5.245098039215686,50,45.09803921568628,37.35849056603773
289,19.5600175,8.3,3.0841269841269843,2.84,51,42,16.666666666666664
290,19.6511123,8.46,3.015479876160991,5.333333333333333,50,46.07843137254902,35.92592592592593
291,19.7413575,8.47,3.015455950540958,5.54,52,46,34.909090909090914
292,19.8275806,8.67,2.9535232383808094,1.9803921568627452,50,50,50
293,19.9414759,8.85,2.910948905109489,4.54,73,48,39.38053097345133
294,20.0657439,8.9,2.933333333333333,4.607843137254902,86,48.03921568627451,38.88888888888889
295,20.173084,8.87,2.9737991266375547,4.29,77,39,42.58373205741627
296,20.2936959,9.06,2.9305949008498584,4.5,88,45.09803921568628,40.52863436123348
297,20.4576594,9.17,2.920502092050209,4.67,87,51,38.46153846153847
298,20.5965925,9.18,2.977715877437326,4.617647058823529,86,45.09803921568628,40.343347639484975
299,20.7163605,9.06,3.0169971671388103,4.67,83,49,37.76824034334764
300,20.825584,9.11,3.0759493670886076,4.676470588235294,76,49.01960784313725,39.49579831932773
301,20.938929899999998,8.92,3.1907514450867054,3.4901960784313726,80,48.03921568627451,48.0225988700565
302,21.048423,8.86,3.2798833819241984,3.37,81,49,47.023809523809526
303,21.152306799999998,8.62,3.3353474320241694,3.5686274509803924,74,48.03921568627451,49.72375690607735
304,21.2535316,8.5,3.3384615384615386,3.53,70,47,49.714285714285715
305,21.34452,8.37,3.3500784929356358,3.4215686274509802,60,47.05882352941176,49.13294797687861
306,21.443417999999998,8.43,3.36547433903577,3.48,58,48,47.398843930635834
307,21.542303699999998,8.43,3.3623639191290824,3.6176470588235294,58,49.01960784313725,48.91304347826087
308,21.6411381,8.53,3.326186830015314,3.73,54,49,50.53763440860215
309,21.7509476,8.5,3.352307692307692,3.7941176470588234,52,45.09803921568628,48.167539267015705
310,21.8440489,8.64,3.3268072289156625,2.54,57,50,61.904761904761905
311,21.9369508,8.68,3.3008982035928143,2.549019607843137,55,50.98039215686274,63.565891472868216
312,22.026705600000003,8.76,3.275147928994083,3.89,59,43,48.69109947643979
313,22.119144100000003,8.73,3.3194650817236258,5.215686274509804,54,42.15686274509804,36.25954198473282
314,22.222577300000005,9.03,3.1834992887624467,3.82,58,44,47.87234042553192
315,22.317861200000003,9.02,3.2122507122507122,5.117647058823529,53,44.11764705882353,36.82170542635659
316,22.410927900000004,9.01,3.1911554921540657,5.27,57,43,36.15384615384615
317,22.509975200000003,8.93,3.25974025974026,5.519607843137255,58,43.13725490196079,34.89208633093525
318,22.606847700000003,8.96,3.264367816091954,5.18,56,44,36.71875
319,22.699593500000002,8.94,3.2809798270893373,3.607843137254902,54,50,51.08695652173913
320,22.7978999,9.02,3.242165242165242,5.58,50,44,34.42028985507246
321,22.8994873,9.12,3.217696629213483,3.6176470588235294,51,49.01960784313725,49.45652173913043
322,23.005608300000002,9.06,3.2436260623229463,3.53,54,49,47.72727272727273
323,23.1020524,9.1,3.2140845070422537,4.882352941176471,52,46.07843137254902,38.05668016194332
324,23.2005243,9.18,3.183844011142061,3.5,52,50,48
325,23.306393200000002,9.15,3.2083916083916084,3.5784313725490198,52,50.98039215686274,49.18032786885246
326,23.403095200000003,9.11,3.240506329113924,3.588235294117647,54,51.9607843137255,48.91304347826087
327,23.522711200000003,9.1,3.307042253521127,5.42,52,44,36.19402985074627
328,23.628207600000003,9.14,3.3823529411764706,3.9215686274509802,54,44.11764705882353,48.73096446700508
329,23.733524900000003,9.13,3.4347826086956523,3.09,52,49,39.61038961038961
330,23.832560500000003,9.15,3.451748251748252,3.4607843137254903,53,49.01960784313725,47.159090909090914
331,23.926224700000002,9.19,3.4269819193324063,5.19,53,45,35.797665369649806
332,24.023840300000003,9.29,3.3909465020576133,3.3823529411764706,53,49.01960784313725,48.25581395348838
333,24.120089100000005,9.38,3.3523035230352303,5.13,56,43,36.36363636363637
334,24.221026200000004,9.51,3.3209054593874834,3.4705882352941178,55,50,50.282485875706215
335,24.337071900000005,9.59,3.303030303030303,4.99,54,45,38.05668016194332
336,24.443600600000003,9.68,3.2630208333333335,5.372549019607843,56,44.11764705882353,35.79335793357934
337,24.547108900000005,9.76,3.1997422680412373,3.5,55,48,47.12643678160919
338,24.650619800000005,9.82,3.2544757033248084,3.5784313725490198,53,47.05882352941176,49.171270718232044
339,24.756064500000004,9.96,3.227386934673367,3.85,54,43,50.264550264550266
340,24.876299200000005,10.02,3.2768079800498753,3.8627450980392157,50,42.15686274509804,50.259067357512954
341,24.993025700000004,10.13,3.261992619926199,3.13,50,49,42.94871794871795
342,25.105396800000005,10.22,3.2201946472019465,2.892156862745098,51,41.17647058823529,17.687074829931973
343,25.215101600000004,10.16,3.1997549019607843,5.37,50,45,36.09022556390977
344,25.329019600000006,10.29,3.151990349819059,3.2254901960784315,52,47.05882352941176,41.717791411042946
345,25.439027800000005,10.4,3.1404761904761904,3.57,56,47,49.152542372881356
346,25.559561500000004,10.58,3.1072261072261074,3.6372549019607843,54,47.05882352941176,49.45652173913043
347,25.688250800000006,10.52,3.1232394366197185,5.03,55,45,37.34939759036144
348,25.817561100000006,10.5,3.1458823529411766,5.186274509803922,54,45.09803921568628,36.25954198473282
349,25.948390200000006,10.42,3.1282660332541568,5.12,50,44,37.15415019762846
350,26.069013800000004,10.48,3.1474056603773586,3.5294117647058822,53,50,49.44444444444444
351,26.242121400000006,10.59,3.1233993015133876,5.676470588235294,50,45.09803921568628,33.10104529616725
352,26.411128100000006,10.72,3.072247706422018,5.32,50,46,36.36363636363637
353,26.619717100000006,10.76,3.0547945205479454,5.303921568627451,52,45.09803921568628,36.56716417910448
354,26.769214000000005,10.88,2.9763513513513513,3.49,54,49,48.275862068965516
355,26.939977600000006,10.84,2.9581447963800906,5.098039215686274,52,46.07843137254902,37.98449612403101
356,27.240680500000007,11.04,2.911504424778761,3.58,54,48,49.43820224719101
357,27.489328600000007,11.19,2.926006528835691,5.352941176470588,50,46.07843137254902,35.79335793357934
358,27.744357200000007,11.38,2.9328358208955225,5.56,50,44,35.63636363636364
359,27.902748900000006,11.17,2.970556161395856,5.627450980392157,50,44.11764705882353,35.563380281690144
360,28.041360300000004,11.14,2.966083150984683,3.29,51,49,43.90243902439025
361,28.174058900000006,11.19,2.9771490750816105,5.264705882352941,52,43.13725490196079,36.9811320754717
362,28.300014700000006,11.23,2.962080173347779,3.6,52,48,48.04469273743017
363,28.413812200000006,11.33,2.9967845659163985,2.9705882352941178,57,46.07843137254902,17.218543046357617
364,28.530991000000007,11.46,3.040169133192389,2.89,53,45,15.277777777777779
365,28.642353400000008,11.54,2.9737945492662474,2.843137254901961,55,42.15686274509804,18.493150684931507
366,28.76017240000001,11.5,2.963157894736842,5.3,53,46,34.22053231939163
367,28.87094200000001,11.38,2.9658848614072495,3.019607843137255,56,40.19607843137255,18.30065359477124
368,28.98945120000001,11.46,2.887949260042283,2.96,55,40,17.006802721088434
369,29.09585850000001,11.3,2.8591397849462368,2.9313725490196076,58,39.21568627450981,18.79194630872483
370,29.20541680000001,11.27,2.8478964401294498,2.94,64,40,20.408163265306122
371,29.30874390000001,11.24,2.8452380952380953,2.8627450980392157,60,42.15686274509804,17.80821917808219
372,29.41492350000001,11.19,2.870511425462459,2.98,57,43,16.89189189189189
373,29.512597200000013,11.22,2.8980477223427332,2.980392156862745,57,42.15686274509804,17.880794701986755
374,29.610892800000013,11.4,2.951063829787234,2.92,54,42,16.551724137931036
375,29.70512790000001,11.63,2.8836967808930427,2.8627450980392157,56,43.13725490196079,17.123287671232877
376,29.805875700000012,11.66,2.888198757763975,2.9607843137254903,56,42.15686274509804,17.333333333333336
377,29.90605240000001,11.53,2.8866736621196223,2.83,57,43,17.02127659574468
378,30.00882880000001,11.82,2.844195519348269,2.9901960784313726,64,42.15686274509804,19.078947368421055
379,30.12670040000001,11.86,2.847870182555781,2.98,55,43,18.79194630872483
380,30.24023900000001,11.81,2.8419979612640165,4.147058823529412,61,52.94117647058824,34.285714285714285
381,30.36217900000001,11.7,2.8216494845360827,4.05,63,54,34.15841584158416
382,30.471301300000007,11.92,2.779233870967742,4.401960784313726,68,51.9607843137255,34.82142857142857
383,30.58259470000001,11.98,2.7775551102204408,3.91,66,54,33.84615384615385
384,30.70864750000001,11.97,2.7592778335005015,3.9705882352941178,60,51.9607843137255,33.83084577114428
385,30.83254760000001,12.13,2.7374136229022703,3.92,61,51,34.02061855670103
386,30.96013880000001,11.99,2.7737737737737738,3.0686274509803924,61,52.94117647058824,19.35483870967742
387,31.07612720000001,11.93,2.770392749244713,4.19,65,53,32.367149758454104
388,31.19911220000001,11.96,2.7660642570281126,4.098039215686274,59,53.92156862745098,32.367149758454104
389,31.34389070000001,11.94,2.777665995975855,4.02,61,53,32.82828282828283
390,31.47717760000001,11.98,2.784569138276553,4.294117647058823,63,49.01960784313725,34.72222222222222
391,31.595682500000013,11.99,2.808808808808809,3.11,61,53,22.07792207792208
392,31.707914600000013,12.02,2.7954091816367264,4.294117647058823,61,52.94117647058824,33.17972350230415
393,31.815998400000012,11.88,2.83502024291498,3.1,58,54,20.12987012987013
394,31.93247410000001,11.83,2.8657171922685656,4.245098039215686,57,51.9607843137255,33.95348837209302
395,32.04817340000001,11.91,2.884964682139253,4.02,53,54,34
396,32.16060440000001,11.94,2.848088531187123,4.019607843137255,50,53.92156862745098,34.31372549019608
397,32.26688940000001,12,2.824,5.16,50,46,36.71875
398,32.38059160000001,12.06,2.914512922465209,4.0588235294117645,50,50.98039215686274,35.12195121951219
399,32.49680330000001,12.18,3.019646365422397,3.17,50,51,23.717948717948715
400,32.625532000000014,12.05,3.008955223880597,4.215686274509804,53,48.03921568627451,35.84905660377358
401,32.73821080000001,12.17,2.9705014749262535,3.088235294117647,54,49.01960784313725,22.58064516129032
402,32.84946820000001,12.2,3.0088235294117647,3.8823529411764706,52,50.98039215686274,34.69387755102041
403,32.96636330000001,12.07,2.974180734856008,5.09,52,45,37.698412698412696
404,33.08189090000001,11.99,2.987987987987988,4.59,53,50,34.36123348017621
405,33.20861750000001,12.08,3.0188492063492065,5.578431372549019,52,45.09803921568628,34.751773049645394
406,33.33887880000001,12.19,3.0245338567222766,5.53921568627451,50,45.09803921568628,33.92857142857143
407,33.477701300000014,12.2,3.0941176470588236,4.3,50,50,34.74178403755869
408,33.61841130000001,12.3,3.0990291262135923,5.4,52,46,33.95522388059701
409,33.76354220000001,12.51,3.1294005708848713,3.2450980392156863,53,49.01960784313725,23.92638036809816
410,33.90823730000001,12.48,3.1259541984732824,4.137254901960785,52,50,35.09615384615385
411,34.05015260000001,12.65,3.034741784037559,3.01,53,51,22.972972972972975
412,34.18957110000001,12.59,2.9933899905571293,4.87,50,47,38.01652892561984
413,34.34388020000001,12.62,3.036723163841808,4.117647058823529,50,51.9607843137255,35.09615384615385
414,34.48785500000001,12.68,3.0280898876404496,5.362745098039215,50,47.05882352941176,34.19117647058824
415,34.62655640000001,12.86,2.965009208103131,5.53,50,47,33.81818181818182
416,34.76453210000001,12.95,2.933333333333333,5.59,50,47,33.81294964028777
417,34.89971650000001,12.95,2.9406392694063928,5.7254901960784315,50,46.07843137254902,33.793103448275865
418,35.03691900000001,13.01,2.9291553133514987,3.1176470588235294,50,54.90196078431373,22.151898734177212
419,35.166126800000015,13.08,2.931407942238267,3.04,50,54,23.178807947019866
420,35.301680200000014,12.95,2.8977168949771688,4.96,53,46,36.17886178861789
421,35.433121000000014,13.18,2.881037567084079,3.088235294117647,50,50.98039215686274,24.358974358974358
422,35.57555590000001,13.39,2.913081650570676,5.0588235294117645,53,46.07843137254902,36.328125
423,35.72302610000001,13.3,2.982300884955752,5.17,50,45,35.9375
424,35.873335800000014,13.05,2.9728506787330318,5.33,50,45,35.984848484848484
425,36.00953790000001,13.04,2.868659420289855,5.911764705882353,50,47.05882352941176,32
426,36.15967300000001,13.11,2.8505850585058505,3.235294117647059,52,46.07843137254902,23.456790123456788
427,36.292767300000015,13.12,2.8174460431654675,3.196078431372549,54,47.05882352941176,25
428,36.41986040000002,13.26,2.761989342806394,3.18,56,48,24.358974358974358
429,36.54929560000002,13.12,2.8453237410071943,3.05,50,48,22.666666666666664
430,36.67627900000002,13.28,2.8297872340425534,5.519607843137255,52,47.05882352941176,34.64285714285714
431,36.81082170000002,13.5,2.7904347826086955,5.764705882352941,53,46.07843137254902,33.56164383561644
432,36.94081870000002,13.44,2.7937062937062938,3.17,53,47,23.717948717948715
433,37.07020670000002,13.28,2.8439716312056738,3.23,54,48,25.78616352201258
434,37.19698750000002,13.38,2.782952548330404,3.2450980392156863,54,50.98039215686274,24.390243902439025
435,37.32696360000002,13.59,2.7765314926660913,3.2058823529411766,57,50.98039215686274,24.074074074074073
436,37.454101100000024,13.61,2.752799310938846,3.18,56,51,24.68354430379747
437,37.58041360000002,13.63,2.7652622527944968,3.12,54,52,23.870967741935484
438,37.700946100000024,13.56,2.7197231833910034,3.088235294117647,52,51.9607843137255,22.435897435897438
439,37.82484890000003,13.61,2.749354005167959,3.127450980392157,50,54.90196078431373,20.253164556962027
440,37.952089800000024,13.4,2.8017543859649123,3.06,50,51,23.178807947019866
441,38.09326100000003,13.56,2.8183391003460208,5.55,50,45,33.09090909090909
442,38.217378700000026,13.51,2.848827106863597,3.3137254901960786,53,50.98039215686274,23.353293413173652
443,38.34848060000002,13.75,2.873191489361702,3.1176470588235294,54,51.9607843137255,24.840764331210192
444,38.482947100000025,13.55,2.930735930735931,3.01,56,51,24.161073825503358
445,38.61348400000003,13.39,3.0052677787532924,3.19,55,51,25.949367088607595
446,38.751021800000025,13.51,2.952215464813206,5.2745098039215685,53,44.11764705882353,35.338345864661655
447,38.88154720000003,13.51,2.894005212858384,5.362745098039215,53,43.13725490196079,34.81481481481482
448,39.018785900000026,13.63,2.8899398108340497,3.25,52,51,23.60248447204969
449,39.156023400000024,13.48,2.906794425087108,3.17,51,51,24.203821656050955
450,39.293123700000024,13.64,2.8668384879725086,3.343137254901961,53,50.98039215686274,24.85207100591716
451,39.44145390000002,13.42,2.8861646234676006,5.931372549019608,51,47.05882352941176,31.22923588039867
452,39.58750120000002,13.55,2.8372294372294373,5.970588235294118,50,47.05882352941176,31.353135313531354
453,39.74198840000002,13.84,2.751689189189189,5.53,50,47,33.81818181818182
454,39.89261370000002,13.99,2.700583819849875,3.2,52,54,23.89937106918239
455,40.05514740000002,13.72,2.6783276450511946,3.1470588235294117,54,51.9607843137255,25.157232704402517
456,40.19585520000002,13.78,2.6825127334465195,3.1176470588235294,54,49.01960784313725,27.388535031847134
457,40.34405510000002,13.71,2.6891545687446627,3.03,54,49,25.503355704697988
458,40.50604060000002,13.75,2.675744680851064,3.17,53,48,24.358974358974358
459,40.67541070000002,13.65,2.678969957081545,3.0588235294117645,53,49.01960784313725,23.376623376623375
460,40.836553700000024,13.85,2.7037974683544306,3.1862745098039214,52,48.03921568627451,24.375
461,41.010676500000024,13.65,2.7141630901287552,3.19,53,48,22.929936305732486
462,41.17740060000003,13.66,2.727272727272727,3.33,53,49,23.78048780487805
463,41.34180380000003,13.85,2.7443037974683544,3.3137254901960786,55,50.98039215686274,24.550898203592812
464,41.50033150000003,14.19,2.666940114848236,3.215686274509804,57,49.01960784313725,25.925925925925924
465,41.66003720000003,14.13,2.709810387469085,3.1,53,48,26.143790849673206
466,41.816185200000035,14.47,2.707297514033681,3.08,53,49,25.657894736842106
467,41.98709240000004,14.33,2.6528791565287917,3.1666666666666665,50,49.01960784313725,27.500000000000004
468,42.15676040000004,14.07,2.6412593206296604,3.2941176470588234,50,49.01960784313725,27.710843373493976
469,42.337570100000036,14.11,2.7010734929810076,5.53,50,47,32.72727272727273
470,42.515844400000034,13.9,2.704201680672269,5.58,52,46,33.935018050541515
471,42.68590230000004,13.88,2.7314814814814814,5.215686274509804,53,46.07843137254902,34.46969696969697
472,42.85790020000004,13.91,2.7120067170445004,5.03921568627451,53,46.07843137254902,35.68627450980392
473,43.026978600000035,13.91,2.6943744752308985,5.22,50,46,35.13513513513514
474,43.202467100000035,13.79,2.7251908396946565,4.94,50,46,36.734693877551024
475,43.37480090000003,13.78,2.7470288624787775,5.549019607843137,50,46.07843137254902,33.096085409252666
476,43.55764150000003,13.77,2.7485131690739166,5.392156862745098,53,46.07843137254902,33.6996336996337
477,43.73097930000003,14.11,2.69364161849711,5.313725490196078,52,46.07843137254902,34.20074349442379
478,43.90537280000003,14.28,2.6644951140065145,4.4,53,46,37.67441860465116
479,44.085075800000034,14.16,2.6907894736842106,5.58,54,46,32.49097472924188
480,44.26429290000004,13.92,2.7348993288590604,5.715686274509804,53,45.09803921568628,32.52595155709342
481,44.438292100000034,13.64,2.779209621993127,5.715686274509804,55,45.09803921568628,32.52595155709342
482,44.61553020000003,13.66,2.7795883361921097,5.52,56,46,33.21167883211679
483,44.78696840000003,13.69,2.7758768177929856,5.28,55,46,34.35114503816794
484,44.96103000000003,13.75,2.7702127659574467,5.5588235294117645,56,47.05882352941176,32.97872340425532
485,45.13792010000003,13.63,2.7987962166809974,5.519607843137255,55,47.05882352941176,32.857142857142854
486,45.31836870000003,13.78,2.762308998302207,5.5,56,48,32.481751824817515
487,45.49778260000003,13.91,2.730478589420655,5.14,56,48,33.203125
488,45.67704930000003,14.41,2.6470588235294117,5.392156862745098,56,48.03921568627451,32.481751824817515
489,45.86779280000003,14.58,2.620826709062003,5.7745098039215685,55,47.05882352941176,32.081911262798634
490,46.05388860000003,14.7,2.617322834645669,3.13,55,49,39.1025641025641
491,46.24241000000003,14.81,2.5839188134270104,3.18,57,50,40.88050314465409
492,46.415367700000026,14.95,2.576061776061776,5.490196078431373,59,48.03921568627451,33.691756272401435
493,46.60745190000002,14.65,2.6229249011857707,5.823529411764706,55,48.03921568627451,32.0945945945946
494,46.80515760000002,14.88,2.5986024844720497,5.66,53,48,32.269503546099294
495,47.00534100000002,14.82,2.627145085803432,5.54,53,48,32.2463768115942
496,47.19017090000002,14.9,2.622480620155039,5.666666666666667,54,48.03921568627451,31.59722222222222
497,47.37704770000002,15,2.6084615384615386,5.549019607843137,54,48.03921568627451,32.62411347517731
498,47.56031850000002,15.21,2.574564723694171,5.51,54,47,32.11678832116788
499,47.77274450000002,15.03,2.5993860322333076,3.19,51,33,20.52980132450331
500,47.96382990000002,14.83,2.646921278254092,3.0098039215686274,51,37.254901960784316,21.08843537414966
501,48.160778200000024,14.76,2.669278996865204,5.2745098039215685,50,46.07843137254902,35.2059925093633
502,48.343298600000026,14.79,2.678655199374511,3.0980392156862746,51,40.19607843137255,22.22222222222222
503,48.519991600000026,14.77,2.702427564604542,5.41,53,47,33.82899628252788
504,48.70393810000002,14.94,2.6808346213292116,5.41,53,47,33.82899628252788
505,48.88860590000002,14.99,2.6836027713625867,5.696078431372549,50,47.05882352941176,31.833910034602077
506,49.074411000000026,14.95,2.694980694980695,5.470588235294118,50,46.07843137254902,33.2129963898917
507,49.27469190000003,15,2.6753846153846155,5.38,50,46,34.08239700374532
508,49.458985500000026,14.62,2.7503961965134707,5.4,50,46,33.582089552238806
509,49.63208660000002,14.9,2.705426356589147,5.549019607843137,52,46.07843137254902,33.45195729537366
510,49.810604500000025,15.32,2.6516516516516515,5.480392156862745,53,47.05882352941176,33.093525179856115
511,49.99433490000003,15.19,2.6944655041698256,5.43,52,47,32.592592592592595
512,50.178770800000024,15.39,2.6706497386109036,5.75,50,47,31.11888111888112
513,50.363294000000025,15.1,2.7106870229007636,5.911764705882353,50,47.05882352941176,31.333333333333336
514,50.54755280000003,14.94,2.7241112828438947,5.754901960784314,50,47.05882352941176,32.19178082191781
515,50.730594600000025,14.88,2.732919254658385,5.45,50,47,33.579335793357934
516,50.925738100000025,15.17,2.675018982536067,5.53,53,47,33.09090909090909
517,51.112287100000025,14.96,2.705246913580247,5.53921568627451,50,47.05882352941176,32.028469750889684
518,51.299679400000024,15.32,2.6554054054054053,5.490196078431373,50,46.07843137254902,32.37410071942446
519,51.49304000000002,15.82,2.581765557163531,5.51,50,47,32.481751824817515
520,51.69006480000002,15.63,2.614820249449743,5.42,50,48,33.33333333333333
521,51.87952600000002,15.48,2.6513353115727,5.4411764705882355,50,47.05882352941176,33.33333333333333
522,52.06052790000002,15.62,2.6365638766519823,5.284313725490196,53,47.05882352941176,33.582089552238806
523,52.25239250000002,15.16,2.7135258358662613,5.15,50,47,34.375
524,52.456730800000024,15.41,2.6830723340790454,5.48,50,46,33.455882352941174
525,52.66938100000002,15.5,2.6874074074074072,6.03921568627451,52,46.07843137254902,30.392156862745097
526,52.89724450000002,15.97,2.623478883321403,6.03921568627451,53,46.07843137254902,30.065359477124183
527,53.09108820000002,16.3,2.5664335664335662,5.8431372549019605,53,46.07843137254902,30.405405405405407
528,53.28001020000002,16.43,2.553014553014553,5.94,52,46,30.508474576271187
529,53.47605510000002,15.9,2.6345323741007194,5.87,54,45,31.615120274914087
530,53.669657700000016,16.26,2.579242636746143,4.470588235294118,54,50,37.44493392070485
531,53.85280090000002,16.68,2.5333787465940056,4.5588235294117645,55,50.98039215686274,36.206896551724135
532,54.06042540000002,17.26,2.4567496723460027,4.62,54,50,36.95652173913043
533,54.25329850000002,17.03,2.493013972055888,4.45,57,50,36.199095022624434
534,54.44705750000002,16.46,2.5691562932226835,4.490196078431373,59,51.9607843137255,35.526315789473685
535,54.64300190000002,16.67,2.5460122699386503,4.5,56,52.94117647058824,35.37117903930131
536,54.821752600000025,17.01,2.501665556295803,4.25,59,52,36.79245283018868
537,55.00461740000002,16.74,2.5210312075983716,4.35,56,52,35.944700460829495
538,55.20145090000002,16.49,2.5548654244306417,5.862745098039215,52,46.07843137254902,32.323232323232325
539,55.39706890000002,16.87,2.508406186953598,5.8431372549019605,53,46.07843137254902,32.432432432432435
540,55.58156260000002,16.87,2.50773369199731,5.29,54,45,34.35114503816794
541,55.76972110000002,16.63,2.516062884483937,5.36,55,46,33.08270676691729
542,55.95718750000002,16.56,2.5398351648351647,5.5588235294117645,54,47.05882352941176,32.269503546099294
543,56.14630980000002,16.61,2.544147843942505,5.823529411764706,56,46.07843137254902,31.52542372881356
544,56.32997060000002,17.43,2.454957874270901,5.94,53,46,31.186440677966104
545,56.51136620000002,17.77,2.4286620164870008,6.04,57,46,31.666666666666664
546,56.70449590000002,17.99,2.41588492808005,5.921568627450981,57,46.07843137254902,31.666666666666664
547,56.88554970000002,17.81,2.4376976597090447,5.8431372549019605,56,46.07843137254902,31.08108108108108
548,57.08199220000002,18.01,2.425983760149906,5.56,57,46,32.608695652173914
549,57.266350200000026,17.85,2.4637223974763405,5.72,58,46,32.04225352112676
550,57.45710150000003,17.93,2.436283741368487,5.705882352941177,55,46.07843137254902,32.17993079584775
551,57.65195380000003,17.33,2.501630789302022,5.705882352941177,53,46.07843137254902,32.17993079584775
552,57.84985060000003,17.48,2.505813953488372,6.0588235294117645,54,46.07843137254902,30.293159609120522
553,58.03736340000003,17.38,2.5123537061118335,3.38,55,53,24.404761904761905
554,58.23366160000003,17.47,2.502262443438914,5.2,55,46,33.33333333333333
555,58.423663700000034,17.35,2.530944625407166,5.568627450980392,54,46.07843137254902,31.914893617021278
556,58.615960500000035,16.65,2.630716723549488,5.450980392156863,54,46.07843137254902,32.971014492753625
557,58.81462710000004,17.14,2.586525759577279,5.24,56,46,33.46153846153846
558,59.01865460000004,17.19,2.6043449637919682,5.63,55,47,31.785714285714285
559,59.26317480000004,17.47,2.5824175824175826,5.598039215686274,52,47.05882352941176,32.74647887323944
560,59.483948700000035,17.67,2.5660497766432675,5.754901960784314,54,47.05882352941176,31.84931506849315
561,59.67558800000003,18.16,2.507425742574257,5.71,54,47,32.04225352112676
562,59.867722400000034,18.37,2.495418448381185,3.01,54,19,61.48148148148148
563,60.067871900000036,18.75,2.444776119402985,2.627450980392157,55,18.627450980392158,55.08474576271186
564,60.27175770000004,18.77,2.4460345855694694,3.0098039215686274,54,23.52941176470588,60
565,60.517687300000034,19.37,2.3891767415083476,3.02,54,18,60
566,60.75959560000003,19.77,2.3224535734383793,2.63,55,19,54.310344827586206
567,60.995199600000035,19.79,2.3226531759415403,3.0392156862745097,56,24.509803921568626,60.56338028169014
568,61.186581300000036,20.09,2.288557213930348,2.656862745098039,58,25.49019607843137,55.28455284552846
569,61.388454300000035,20.11,2.2904472667034788,2.6,57,22,53.44827586206896
570,61.57815320000004,20.45,2.2471544715447154,5.43,55,47,33.7037037037037
571,61.77779070000004,20.45,2.246070460704607,2.5980392156862746,55,23.52941176470588,51.26050420168067
572,61.97213100000004,20.18,2.2744774477447747,2.892156862745098,57,27.450980392156865,57.35294117647059
573,62.17535540000004,20.54,2.2470334412081985,2.89,56,28.999999999999996,59.70149253731343
574,62.378179500000044,20.34,2.261723009814613,5.67,55,47,33.33333333333333
575,62.583981600000044,21.2,2.1807291666666666,5.754901960784314,58,47.05882352941176,32.19178082191781
576,62.919097200000046,21.45,2.155269922879177,5.754901960784314,55,47.05882352941176,32.19178082191781
577,63.163322800000046,22.12,2.100397614314115,5.813725490196078,55,47.05882352941176,31.52542372881356
578,63.40919960000004,22.18,2.095639246778989,5.85,58,47,31.27147766323024
579,63.652115100000046,21.96,2.1117234468937878,6.08,56,48,30.693069306930692
580,63.99619350000005,21.6,2.14234693877551,6.313725490196078,53,48.03921568627451,30.218068535825545
581,64.32717050000005,21.52,2.1501024590163933,6,56,48.03921568627451,31.475409836065577
582,64.59596700000004,22.02,2.1073926073926073,5.9,55,48,31.97278911564626
583,64.88241040000004,22.18,2.095143706640238,5.8,58,48,32.52595155709342
584,65.23910670000004,21.83,2.129601613716591,5.686274509803922,55,48.03921568627451,32.17993079584775
585,65.56735690000004,21.22,2.1768990634755463,5.490196078431373,59,48.03921568627451,32.61648745519714
586,65.78008910000004,21.52,2.158811475409836,5.65,56,47,32.38434163701068
587,65.97927040000005,21.71,2.15169964485033,5.89,56,47,32.081911262798634
588,66.17106990000005,21.57,2.1609606540623405,5.901960784313726,59,46.07843137254902,32.10702341137124
589,66.36994890000005,22.15,2.121091811414392,5.911764705882353,61,45.09803921568628,32.10702341137124
590,66.56905330000005,21.87,2.147458480120785,5.55,58,45,33.45454545454545
591,66.77470420000004,21.45,2.188688946015424,5.62,60,46,33.33333333333333
592,67.11022700000005,21.71,2.165905631659056,5.666666666666667,59,46.07843137254902,32.752613240418114
593,67.35365270000005,21.63,2.1772796739684157,5.666666666666667,61,46.07843137254902,32.40418118466899
594,67.58307510000006,21.73,2.1723264064875822,5.96,58,46,31.756756756756754
595,67.77906340000006,21.88,2.1685110663983904,5.74,56,46,32.98245614035088
596,67.97950920000005,22.09,2.159283225485316,5.9411764705882355,58,46.07843137254902,31.893687707641195
597,68.19723960000005,21.12,2.24163179916318,5.862745098039215,59,46.07843137254902,32.323232323232325
598,68.39202910000004,21.56,2.205521472392638,5.74,60,46,31.57894736842105
599,68.59062790000004,21.03,2.2459274829217026,6.06,58,46,30.23255813953488
600,68.80150120000005,21.06,2.2502623294858344,5.980392156862745,57,46.07843137254902,31.353135313531354
601,69.07916100000004,21.12,2.25,5.980392156862745,55,46.07843137254902,31.353135313531354
602,69.30376940000004,20.95,2.270712401055409,5.892156862745098,58,47.05882352941176,31.103678929765888
603,69.56936830000004,21.48,2.231006160164271,5.71,60,47,32.3943661971831
604,69.92080340000004,21.65,2.2193384223918575,5.52,56,46,33.57664233576642
605,70.22172150000004,21.91,2.1968859869412354,5.686274509803922,57,46.07843137254902,32.63888888888889
606,70.45785690000004,21.73,2.22250380131779,5.862745098039215,58,46.07843137254902,31.986531986531986
607,70.68014630000003,21.46,2.2543679342240495,5.96,56,46,31.41891891891892
608,71.01853990000004,21.4,2.265463917525773,5.77,59,47,32.05574912891986
609,71.26968520000004,21.41,2.2720247295208655,5.715686274509804,58,47.05882352941176,31.379310344827587
610,71.52899590000004,21.81,2.2382635032811713,5.735294117647059,56,47.05882352941176,31.958762886597935
611,71.77612990000004,22.35,2.193120393120393,5.74,57,46,32.280701754385966
612,72.17106590000004,22.98,2.1506196377502382,5.66,56,46,32.74021352313167
613,72.53021060000005,23.48,2.116387337057728,5.892156862745098,57,47.05882352941176,32.10702341137124
614,72.77170170000005,23.04,2.1506653992395437,5.852941176470588,60,47.05882352941176,32.323232323232325
615,73.12889840000005,23.36,2.1217228464419478,5.65,55,47,33.096085409252666
616,73.52230150000005,23.84,2.097069597069597,5.85,56,47,32.302405498281786
617,73.81176480000005,23.75,2.108505747126437,5.745098039215686,55,46.07843137254902,32.98969072164948
618,74.19876770000005,24.27,2.0691513246519984,5.784313725490196,56,46.07843137254902,32.76450511945392
619,74.49384760000005,24.21,2.0679873930661863,5.7,57,46,32.86219081272085
620,74.72429040000006,23.86,2.089661482159195,5.95,58,47,31.41891891891892
621,74.97427420000005,23.97,2.0828402366863905,5.852941176470588,64,47.05882352941176,31.64983164983165
622,75.20487620000006,24,2.089090909090909,5.215686274509804,62,47.05882352941176,32.69961977186312
623,75.43205640000006,24.6,2.0557522123893803,5.28,64,47,33.33333333333333
624,75.63539690000006,24.63,2.0587715422006188,5.31,61,46,33.587786259541986
625,75.89373630000006,25.19,2.0401034928848643,5.0588235294117645,60,48.03921568627451,32.94117647058823
626,76.15460830000006,25.05,2.0529284164859,5.107843137254902,59,48.03921568627451,32.68482490272373
627,76.53828200000007,24.91,2.048886948930598,5.078431372549019,58,48.03921568627451,32.549019607843135
628,76.79640930000006,25.15,2.0414686825053994,5.59,58,47,32.73381294964029
629,77.15896120000006,25.11,2.0618779749026395,5.67,58,47,32.62411347517731
630,77.51037560000006,25.05,2.0759219088937093,5.911764705882353,58,47.05882352941176,31.666666666666664
631,77.72603660000006,25.17,2.07078118256366,6.009803921568627,59,47.05882352941176,30.81967213114754
632,77.94018340000005,25.73,2.0450906026127265,5.93,59,47,31.186440677966104
633,78.15742400000005,25.56,2.0606960950764006,5.93,57,47,31.52542372881356
634,78.50458680000006,25.66,2.0498732037193577,6.147058823529412,59,47.05882352941176,30.128205128205128
635,78.74424710000005,25.44,2.064419795221843,6.029411764705882,60,47.05882352941176,30.718954248366014
636,78.97754710000005,24.67,2.1085134539038375,3.5,59,48,45.97701149425287
637,79.21860510000005,24.95,2.1076252723311546,3.53,59,49,46.590909090909086
638,79.46580180000005,24.89,2.127566622979467,6.401960784313726,58,47.05882352941176,29.846153846153843
639,79.71690500000005,25.1,2.1281385281385283,5.950980392156863,56,47.05882352941176,31.788079470198678
640,79.98350260000005,25.86,2.097652975691534,5.87,58,47,31.506849315068493
641,80.24248300000005,26.43,2.076954564060581,6.13,54,47,30.81967213114754
642,80.49879870000005,26.21,2.078479966955803,6.127450980392157,57,47.05882352941176,31.189710610932476
643,80.75865710000005,26.04,2.0977537437603995,5.794117647058823,59,47.05882352941176,32.6530612244898
644,81.14517540000006,26.24,2.0903465346534653,5.61,55,47,32.61648745519714
645,81.38845290000006,26.23,2.089558398679323,5.85,57,47,31.615120274914087
646,81.65612390000007,26.09,2.1021170610211706,5.813725490196078,54,47.05882352941176,31.52542372881356
647,81.92109070000006,25.97,2.095953274926992,5.715686274509804,55,47.05882352941176,31.379310344827587
648,82.29412480000006,25.98,2.103002502085071,3.21,57,38,23.60248447204969
649,82.81406020000006,26.59,2.07157381049207,3.67,58,52,52.197802197802204
650,83.31603860000006,26.45,2.065848670756646,3.872549019607843,59,51.9607843137255,50.25380710659898
651,84.01718650000005,26.75,2.0585858585858587,3.872549019607843,60,51.9607843137255,50.25380710659898
652,84.34935290000006,27.1,2.049003984063745,3.372549019607843,57,40.19607843137255,23.952095808383234
653,84.64531560000006,26.94,2.0533279871692063,4.02,60,51,48.5
654,84.89517410000006,27.17,2.0591974572904252,3.35,55,41,22.699386503067483
655,85.27330190000006,27.17,2.0512514898688914,3.2058823529411766,59,42.15686274509804,20.245398773006134
656,85.50577080000006,27.27,2.0557973882073606,3.2549019607843137,55,42.15686274509804,20.37037037037037
657,85.75190800000007,27.35,2.0449704142011833,4.13,59,56.00000000000001,37.980769230769226
658,86.03126280000006,27.48,2.0498430141287285,4.1,60,56.99999999999999,37.37864077669903
659,86.41287820000007,27.51,2.0486083888671107,4.078431372549019,58,56.86274509803921,37.79904306220095
660,86.77440450000006,27.55,2.05440313111546,4.117647058823529,58,53.92156862745098,39.04761904761905
661,87.13298430000006,27.63,2.0452594615684743,4.13,62,54,39.61352657004831
662,87.37742620000006,27.6,2.05,4.17,71,53,39.42307692307692
663,87.62162680000006,27.57,2.046538912788424,4.098039215686274,65,50.98039215686274,40.38461538461539
664,87.98220400000005,27.69,2.0478785519657454,4.009803921568627,63,51.9607843137255,40.68627450980392
665,88.23649160000005,27.74,2.051282051282051,3.97,67,52,40.4040404040404
666,88.62305710000005,27.71,2.0544535200311165,4.04,60,52,40.099009900990104
667,88.84660030000005,27.72,2.0505443234836704,3.372549019607843,55,50,28.07017543859649
668,89.07047430000004,27.69,2.0587777345270535,4.196078431372549,55,50,40.375586854460096
669,89.44421170000004,27.7,2.056031128404669,4.23,56,50,39.523809523809526
670,89.79707410000005,27.78,2.0500387897595034,4.08,57,52,40.19607843137255
671,90.17324890000005,27.82,2.0526723470178156,4.166666666666667,59,50.98039215686274,40.56603773584906
672,90.54345890000005,27.88,2.052550231839258,4.2745098039215685,58,50,40.09216589861751
673,90.79179450000005,27.85,2.062669245647969,4.34,58,51,39.81481481481482
674,91.16430760000006,27.85,2.0646034816247583,4.21,57,52,40
675,91.54825470000006,27.8,2.0786821705426357,4.186274509803922,53,52.94117647058824,39.906103286384976
676,91.80315760000006,27.81,2.0759395583107323,6.009803921568627,53,47.05882352941176,30.81967213114754
677,92.07911280000006,27.9,2.066023166023166,5.872549019607843,54,47.05882352941176,31.543624161073826
678,92.30507480000006,27.9,2.066023166023166,4.15,55,51,40.57971014492754
679,92.66728650000006,27.76,2.0690993788819876,4.25,55,51,41.0377358490566
680,92.92452160000006,27.77,2.076833527357392,6.147058823529412,52,47.05882352941176,30.448717948717945
681,93.21762520000006,27.78,2.08611326609775,6.049019607843137,53,47.05882352941176,30.944625407166125
682,93.58918510000005,27.95,2.0851637764932565,4.12,52,53,39.32038834951456
683,93.97093880000006,27.96,2.083975346687211,4.03,52,53,39.30348258706468
684,94.34890260000006,28.1,2.0854406130268197,4.107843137254902,52,52.94117647058824,39.23444976076555
685,94.73519680000005,28.06,2.082501918649271,5.96078431372549,50,48.03921568627451,31.353135313531354
686,94.99604280000005,28.05,2.074856046065259,4.05,53,53,38.11881188118812
687,95.26726160000005,28.13,2.076923076923077,6.04,53,48,31.561461794019934
688,95.54142970000005,28.17,2.064959877722583,4.117647058823529,54,52.94117647058824,39.523809523809526
689,95.76105870000005,28.25,2.064,3.3823529411764706,56,53.92156862745098,27.74566473988439
690,96.13169530000005,28.4,2.046969696969697,4.14,54,54,38.164251207729464
691,96.39401380000005,28.53,2.0520165849981153,4.17,50,52,39.42307692307692
692,96.66406040000005,28.62,2.0507137490608565,4.049019607843137,52,51.9607843137255,39.80582524271845
693,97.04597910000005,28.63,2.054074352234322,3.9313725490196076,52,53.92156862745098,39
694,97.43144150000005,28.5,2.061132075471698,5.72,50,48,31.929824561403507
695,97.80170160000004,28.48,2.0615558912386707,6,50,48,30.76923076923077
696,98.06472940000005,28.46,2.0729402872260017,4.117647058823529,50,53.92156862745098,39.04761904761905
697,98.34114560000005,28.45,2.0695652173913044,5.764705882352941,52,48.03921568627451,31.74061433447099
698,98.60261790000004,28.47,2.0661125802795617,4.02,53,55.00000000000001,39.10891089108911
699,98.85746270000004,28.54,2.0697061039939713,4.08,52,54,39.21568627450981
700,99.28121890000004,28.51,2.064881176914372,4.137254901960785,50,50,41.42857142857143
701,99.51004050000004,28.64,2.0716966966966965,3.450980392156863,52,50,29.714285714285715
702,99.73312400000005,28.67,2.0742407199100112,4.1568627450980395,53,50,41.70616113744076
703,100.06724770000005,28.62,2.0698722764838466,5.71,50,47,31.690140845070424
704,100.41702210000005,28.6,2.0586466165413535,4.16,50,50,42.30769230769231
705,100.77850430000005,28.56,2.058734939759036,4.196078431372549,50,50.98039215686274,41.1214953271028
706,101.06823940000005,28.63,2.0600826135936914,5.823529411764706,52,46.07843137254902,32.88135593220339
707,101.46360890000005,28.68,2.0535982008995504,3.36,50,51,29.761904761904763
708,101.83661880000005,28.6,2.0484962406015037,4.01,52,52,41.7910447761194
709,102.17050570000005,28.75,2.0362616822429906,4.588235294117647,53,50.98039215686274,36.75213675213676
710,102.41281070000005,28.71,2.052040434294272,4.549019607843137,52,50.98039215686274,37.06896551724138
711,102.65175340000005,28.72,2.061751497005988,5.69,54,47,32.86219081272085
712,102.92425870000005,28.74,2.0654450261780104,6.07,50,47,31.125827814569533
713,103.12779450000005,28.88,2.0595238095238093,4.705882352941177,53,52.94117647058824,35.41666666666667
714,103.33864450000004,28.92,2.0657503714710255,5.892156862745098,50,47.05882352941176,31.103678929765888
715,103.71501310000005,28.94,2.078693392724573,4.25,52,52,40.845070422535215
716,104.08963470000005,28.95,2.079777365491651,4.76,54,49,36.708860759493675
717,104.45471940000004,28.97,2.075268817204301,3.4901960784313726,53,50.98039215686274,28.08988764044944
718,104.80175940000005,28.8,2.0832089552238804,3.5098039215686274,56,50.98039215686274,27.37430167597765
719,105.02358820000005,28.74,2.0848915482423336,4.19,53,50,41.14832535885167
720,105.21169010000006,28.72,2.0823353293413174,4.26,53,51,40.375586854460096
721,105.40828990000006,28.82,2.0831469052945564,3.323529411764706,53,53.92156862745098,25.882352941176475
722,105.60578200000006,28.84,2.0778688524590163,5.666666666666667,51,46.07843137254902,33.10104529616725
723,105.80736640000006,28.94,2.078693392724573,3.32,50,54,27.54491017964072
724,106.00557430000006,28.82,2.0917225950783,5.67,50,47,32.62411347517731
725,106.20486000000007,28.74,2.0901271503365746,4.137254901960785,50,53.92156862745098,40.09433962264151
726,106.41703850000006,28.87,2.0826200223297358,4.107843137254902,55,52.94117647058824,40.95238095238095
727,106.69094330000006,28.82,2.0846383296047724,4.117647058823529,52,53.92156862745098,40.28436018957346
728,106.90424350000006,28.91,2.0858416945373466,4.07,53,55.00000000000001,39.21568627450981
729,107.12039850000006,29.04,2.0902366863905324,4.18,52,55.00000000000001,39.04761904761905
730,107.36412510000007,28.83,2.101006336190831,5.784313725490196,53,48.03921568627451,31.97278911564626
731,107.61439710000006,28.73,2.109614665170221,5.823529411764706,50,48.03921568627451,30.743243243243246
732,107.97896370000007,28.83,2.1155423033917256,4.17,54,53,39.90384615384615
733,108.22633930000006,28.78,2.123226288274832,3.5,53,53,28.57142857142857
734,108.47073730000007,28.73,2.1313131313131315,5.794117647058823,50,47.05882352941176,31.292517006802722
735,108.71826530000007,28.7,2.1374531835205994,3.549019607843137,52,51.9607843137255,29.83425414364641
736,109.05037120000007,28.54,2.1412961567445365,3.65,52,51,29.120879120879124
737,109.30178470000007,28.53,2.1402186204297022,3.65,50,50,29.83425414364641
738,109.54670320000007,28.65,2.1377110694183865,4.235294117647059,50,48.03921568627451,42.99065420560748
739,109.78532660000006,28.74,2.1353777112939416,3.6372549019607843,53,48.03921568627451,32.608695652173914
740,110.02866220000006,28.66,2.1384096024006003,3.55,53,48,31.818181818181817
741,110.27351190000006,28.67,2.141357330333708,4.66,53,49,38.362068965517246
742,110.65559730000005,28.73,2.1391694725028056,5.950980392156863,50,47.05882352941176,31.456953642384107
743,110.87936500000005,28.88,2.1339285714285716,4.1568627450980395,53,50.98039215686274,41.9811320754717
744,111.08720020000005,28.98,2.1312083024462565,3.6,53,52,29.444444444444446
745,111.29201350000005,29.02,2.131384159881569,3.51,50,52,29.142857142857142
746,111.71771350000006,29.03,2.133185349611543,3.588235294117647,52,50.98039215686274,30.601092896174865
747,111.98583270000006,29.04,2.1372041420118344,3.6176470588235294,54,50.98039215686274,32.065217391304344
748,112.22064720000006,29,2.1437037037037037,3.47,53,51,31.213872832369944
749,112.47022580000007,28.93,2.141106572595618,3.47,54,51,30.63583815028902
750,112.70535280000007,28.92,2.148959881129272,4.313725490196078,54,49.01960784313725,42.00913242009132
751,113.16698790000007,28.88,2.1480654761904763,4.813725490196078,52,48.03921568627451,37.704918032786885
752,113.57122470000007,28.93,2.149275900482733,3.5588235294117645,52,50,29.2817679558011
753,113.81863230000008,28.92,2.151188707280832,4.91,50,50,36.734693877551024
754,114.02767270000008,28.69,2.161483701760959,3.46,54,52,29.47976878612717
755,114.41219120000008,28.76,2.164424514200299,4.696078431372549,53,50,37.238493723849366
756,114.64546500000009,28.8,2.160820895522388,3.4607843137254903,52,50,28.40909090909091
757,114.88535310000009,28.87,2.164123557871232,4.87,53,51,36.21399176954733
758,115.1055591000001,28.98,2.1664195700518905,4.18,54,52,41.14832535885167
759,115.3048843000001,28.93,2.1659858893427404,4.147058823529412,54,52.94117647058824,41.509433962264154
760,115.5084071000001,28.88,2.1607142857142856,3.4705882352941178,50,51.9607843137255,32.20338983050847
761,115.7013836000001,28.79,2.1702127659574466,3.39,53,54,32.16374269005848
762,115.9024987000001,28.85,2.183240223463687,3.46,54,54,31.03448275862069
763,116.1124801000001,28.94,2.18634001484781,3.4607843137254903,53,52.94117647058824,31.46067415730337
764,116.4402085000001,28.99,2.18895887365691,3.519607843137255,55,50.98039215686274,31.11111111111111
765,116.6828527000001,29.03,2.1875693673695893,4.09,53,52,41.46341463414634
766,116.9367440000001,29.08,2.1909158050221564,3.97,50,53,41.20603015075377
767,117.3123831000001,29.11,2.1914422722242715,3.9607843137254903,52,51.9607843137255,41.089108910891085
768,117.69149250000011,29.23,2.186191700330518,3.392156862745098,54,51.9607843137255,28.901734104046245
769,117.94433810000011,29.3,2.1816849816849815,4.08,50,52,40.19607843137255
770,118.19294810000011,29.4,2.1795620437956202,3.38,52,52,28.402366863905325
771,118.43255500000011,29.45,2.1766848816029145,3.5,50,50.98039215686274,29.775280898876407
772,118.63440170000011,29.35,2.176599634369287,4.176470588235294,50,52.94117647058824,40.845070422535215
773,118.83739380000011,29.31,2.183449285975833,4.22,52,52,41.23222748815166
774,119.25063500000012,29.21,2.1969864020580667,4.06,50,53,40.88669950738916
775,119.44915300000012,29.32,2.2046120058565153,3.3529411764705883,54,53.92156862745098,29.82456140350877
776,119.64768200000012,29.34,2.209583028529627,3.9313725490196076,50,52.94117647058824,40.5
777,119.85442470000012,29.3,2.228937728937729,4.019607843137255,54,52.94117647058824,40.487804878048784
778,120.06358560000012,29.36,2.221856725146199,3.4,53,52,30.76923076923077
779,120.44537520000013,29.44,2.2292274052478134,4.5,50,51,37.05357142857143
780,120.69806970000013,29.59,2.228706052917724,3.4607843137254903,53,51.9607843137255,30.681818181818183
781,121.07546160000014,29.79,2.215545160129543,4.117647058823529,50,53.92156862745098,41.23222748815166
782,121.33274410000014,29.89,2.215130871280029,4.53,54,53,37.00440528634361
783,121.72627790000014,29.73,2.2282726289217454,3.5,50,53,32
784,121.99697180000014,29.75,2.235315315315315,4.588235294117647,50,50,37.93103448275862
785,122.26246850000014,29.77,2.246308966510623,4.784313725490196,56,50,36.77685950413223
786,122.53953900000013,29.73,2.2365668950595023,3.49,50,54,29.714285714285715
787,122.79780130000013,29.7,2.248375451263538,4.09,53,54,40.487804878048784
788,123.06137620000013,29.81,2.2513484358144553,4.166666666666667,53,52.94117647058824,40.845070422535215
789,123.48064390000013,30.09,2.237807048771805,3.4411764705882355,50,52.94117647058824,30.113636363636363
790,123.69683080000013,30.04,2.2464336661911557,4.07,50,54,40.68627450980392
791,123.90893780000013,30.28,2.233734087694484,3.37,53,55.00000000000001,30.17751479289941
792,124.31754330000012,30.51,2.2395650648895122,4.117647058823529,53,51.9607843137255,41.42857142857143
793,124.81449510000013,30.28,2.2535360678925036,3.4705882352941178,53,51.9607843137255,30.508474576271187
794,125.19963320000014,30.5,2.2424561403508774,4.11,50,53,41.262135922330096
795,125.46164940000014,30.4,2.244014084507042,4.12,53,52,41.74757281553398
796,125.88027120000014,30.63,2.242752357666783,4.470588235294118,52,49.01960784313725,38.76651982378855
797,126.28064960000013,30.83,2.2233784252514743,3.5098039215686274,50,49.01960784313725,30.89887640449438
798,126.54261410000014,30.8,2.2315972222222222,3.6,53,50,30.726256983240223
799,126.79203970000013,30.61,2.23418385180007,3.59,56,50,29.213483146067414
800,127.05191600000013,30.64,2.236731843575419,4.2254901960784315,50,52.94117647058824,41.2037037037037
801,127.33810830000013,30.96,2.227900552486188,3.5980392156862746,50,52.94117647058824,30.978260869565215
802,127.61430040000013,31.16,2.220164609053498,3.607843137254902,50,51.9607843137255,31.521739130434785
803,127.88023950000013,31.15,2.234305317324185,4.53921568627451,53,52.94117647058824,37.06896551724138
804,128.12005660000014,31.21,2.231085244779185,4.205882352941177,52,52.94117647058824,38.604651162790695
805,128.33866750000013,30.92,2.241701244813278,3.27,52,55.00000000000001,30.909090909090907
806,128.73880200000013,31.1,2.213745704467354,4.31,50,53,37.5
807,129.12134490000014,31.2,2.216095890410959,4.1,53,54,40.77669902912621
808,129.50965040000014,31.65,2.196964586846543,3.5,53,54,30.681818181818183
809,129.76535480000015,31.63,2.19878501518731,4.7254901960784315,53,52.94117647058824,36.51452282157676
810,130.18145780000015,31.51,2.225008471704507,3.5098039215686274,50,55.88235294117647,30
811,130.55039230000014,31.57,2.2225228271897195,3.5294117647058822,50,55.88235294117647,30.386740331491712
812,130.95811620000015,31.68,2.2297843665768196,4.470588235294118,100,66.66666666666666,37.87234042553192
813,131.22209150000015,31.67,2.2207617121671723,4.5,99,66,38.362068965517246
814,131.49343440000015,31.63,2.219034762065474,4.51,97,69,38.034188034188034
815,131.90244420000016,31.49,2.243811461512377,4.54,95,69,36.59574468085106
816,132.17483220000017,31.62,2.238690074274139,4.56,91,67,35.319148936170215
817,132.44978680000017,32.15,2.232172470978441,4.676470588235294,82,64.70588235294117,37.142857142857146
818,132.90696180000018,32.61,2.2228030055537404,4.6568627450980395,86,76.47058823529412,34.26294820717131
819,133.15992700000018,32.7,2.2521172638436484,4.490196078431373,90,71.56862745098039,34.583333333333336
820,133.60990010000017,33.01,2.254434053531119,4.3431372549019605,96,62.745098039215684,36.40350877192983
821,133.91583220000018,33.15,2.2545746388443018,4.52,98,66,36.75213675213676
822,134.3874300000002,33.13,2.2589142306456793,4.46,100,62,36.681222707423586
823,134.8454854000002,33.16,2.269255455712452,4.42,99,57.99999999999999,38.22222222222222
824,135.5364485000002,33.21,2.2662608138417175,4.4,53,69,39.03508771929825
825,136.0224873000002,33.17,2.2624318254732114,4.549019607843137,59,70.58823529411765,36.92946058091287
826,136.70422060000018,33.12,2.2561053984575836,4.637254901960785,56,69.6078431372549,37.55102040816327
827,137.17593940000017,33.14,2.260115606936416,5.088235294117647,59,66.66666666666666,33.2089552238806
828,137.86017260000017,33.16,2.2618741976893455,4.715686274509804,54,66.66666666666666,36.29032258064516
829,138.48517260000017,33.13,2.2724060391904914,4.705882352941177,55,65.68627450980392,37.24696356275304
830,139.02951730000018,33.17,2.2749438562720563,4.64,56,66,36.82008368200837
831,139.62046870000017,33.12,2.2805269922879177,4.59,52,68,35.86497890295359
832,139.88873060000017,33.14,2.2825947334617855,4.61,50,70,36.666666666666664
833,140.38166350000017,33.13,2.2862190812720846,4.59,54,69,36.82008368200837
834,140.69379710000018,33.09,2.2926986169186234,4.53921568627451,50,67.64705882352942,37.916666666666664
835,141.01158630000018,33.09,2.2926986169186234,4.392156862745098,50,68.62745098039215,37.06896551724138
836,141.32963820000018,33.14,2.292228644829801,4.450980392156863,52,68.62745098039215,35.74468085106383
837,141.79976790000018,33.22,2.297565663036515,4.323529411764706,52,69.6078431372549,36.681222707423586
838,142.26595300000017,33.2,2.296474358974359,4.3,52,69,37.219730941704036
839,142.59849980000016,33.18,2.300192431045542,4.46,50,68,37.66233766233766
840,142.90483400000016,33.13,2.2997108898168968,4.45,51,66,37.99126637554585
841,143.21441170000017,33.12,2.3010925449871467,4.45,50,68,36.52173913043478
842,143.52796350000017,33.17,2.302213666987488,4.480392156862745,52,68.62745098039215,37.130801687763714
843,143.84835440000018,33.22,2.303331197950032,4.392156862745098,50,70.58823529411765,38.197424892703864
844,144.2082702000002,33.35,2.2963317384370017,4.392156862745098,53,68.62745098039215,38.362068965517246
845,144.48456110000018,33.38,2.294136392606756,4.392156862745098,54,66.66666666666666,39.82683982683983
846,144.8252173000002,33.3,2.294888178913738,4.44,53,65,39.03508771929825
847,145.3275050000002,33.24,2.299935979513444,4.46,53,62,40.35087719298245
848,145.6242277000002,33.24,2.298975672215109,4.33,54,65,40.35874439461883
849,146.0832141000002,33.32,2.3001277139208174,4.44,54,64,40.35087719298245
850,146.3999604000002,33.46,2.300699300699301,4.9411764705882355,52,60.78431372549019,36.57587548638132
851,146.7077549000002,33.47,2.300285986653956,4.9411764705882355,52,60.78431372549019,36.57587548638132
852,147.0250675000002,33.49,2.2997777072086376,4.735294117647059,52,65.68627450980392,36.94779116465863
853,147.3528604000002,33.49,2.2981899015560496,4.568627450980392,52,65.68627450980392,37.916666666666664
854,147.6591213000002,33.53,2.298128766254361,4.568627450980392,53,64.70588235294117,37.916666666666664
855,147.96691900000022,33.6,2.293037974683544,4.38,52,68,37.44493392070485
856,148.29890150000023,33.62,2.299493991144845,4.37,50,67,38.05309734513274
857,148.61013840000024,33.64,2.300252844500632,4.36,50,66,38.666666666666664
858,149.09840530000025,33.51,2.307204062202475,4.5,50,65,39.224137931034484
859,149.47189370000027,33.56,2.307984790874525,4.647058823529412,53,66.66666666666666,38.36734693877551
860,149.73383550000025,33.63,2.3069870376225103,4.715686274509804,52,65.68627450980392,37.096774193548384
861,150.04094140000026,33.76,2.302581863979849,4.6568627450980395,53,67.64705882352942,37.80487804878049
862,150.51213900000027,33.69,2.304512464499842,4.53921568627451,53,66.66666666666666,37.238493723849366
863,150.82268510000029,33.6,2.3110759493670887,4.63,53,65,36.97478991596639
864,151.2919122000003,33.59,2.310224754669199,4.69,53,65,39.25619834710744
865,151.7585268000003,33.52,2.3201142131979697,4.65,55,68,37.75933609958506
866,152.0865910000003,33.55,2.322662440570523,4.5,53,69,38.034188034188034
867,152.4085518000003,33.62,2.326059456040481,4.519607843137255,53,69.6078431372549,37.5
868,152.7181822000003,33.66,2.319646241313961,4.764705882352941,52,64.70588235294117,36.8
869,153.03161560000032,33.76,2.3161209068010074,4.813725490196078,53,63.725490196078425,36.904761904761905
870,153.35759000000033,33.78,2.3219005663939583,4.9411764705882355,52,62.745098039215684,37.5968992248062
871,153.81561530000033,33.84,2.3238065326633164,4.76,50,63,37.704918032786885
872,154.14100020000032,33.76,2.325566750629723,4.84,50,62,37.903225806451616
873,154.4582021000003,33.74,2.3273471959672336,4.82,53,62,38.05668016194332
874,154.81649980000032,33.75,2.3256692913385826,4.78,50,63,37.95918367346939
875,155.1465169000003,33.84,2.317211055276382,4.705882352941177,50,63.725490196078425,36.58536585365854
876,155.62411430000031,33.83,2.321709079484763,4.666666666666667,54,64.70588235294117,36.47540983606557
877,156.07970320000032,33.76,2.323992443324937,4.686274509803922,52,65.68627450980392,35.10204081632653
878,156.55471970000033,33.84,2.3225502512562812,4.950980392156863,52,47.05882352941176,35.45816733067729
879,156.97874150000033,33.97,2.3181107288082576,4.647058823529412,55,66.66666666666666,36.0655737704918
880,157.28832640000033,33.93,2.319135609145005,4.55,50,68,37.02127659574468
881,157.60624300000032,34.02,2.3185509056839475,4.71,50,65,36.77685950413223
882,158.0135665000003,34.05,2.323244929797192,4.79,53,68,34.81781376518219
883,158.34534550000032,34.07,2.320236981602744,4.97,52,64,36.22047244094488
884,158.6654045000003,34.12,2.320983810709838,4.735294117647059,50,65.68627450980392,35.483870967741936
885,159.1435588000003,34.29,2.3137194177764013,4.490196078431373,50,68.62745098039215,37.552742616033754
886,159.64802380000032,34.27,2.30957545708088,4.333333333333333,54,69.6078431372549,37.99126637554585
887,159.99745760000033,34.26,2.309981401115933,4.333333333333333,53,20.588235294117645,45.63106796116505
888,160.27380250000033,34.36,2.3062422744128552,4.32,55,68,38.839285714285715
889,160.59397100000032,34.31,2.3064066852367686,4.35,60,19,46.03960396039604
890,160.92462170000033,34.32,2.311571782178218,4.43,56,65,37.719298245614034
891,161.26642340000032,34.3,2.315170278637771,4.47,59,41,31.506849315068493
892,161.77568200000033,34.32,2.316522277227723,4.549019607843137,54,65.68627450980392,38.07531380753138
893,162.28339920000033,34.36,2.322311495673671,4.53921568627451,55,68.62745098039215,38.75
894,162.78443310000034,34.37,2.324374420759963,4.470588235294118,56,67.64705882352942,37.71186440677966
895,163.22916490000034,34.23,2.3335401799565623,4.598039215686274,57,66.66666666666666,37.60330578512397
896,163.56021610000033,34.25,2.3389147286821705,4.68,57,66,37.75933609958506
897,163.90340700000033,34.33,2.3306526446025364,5.07,62,63,33.84615384615385
898,164.26002260000033,34.28,2.3330235439900866,5.08,71,62,33.84615384615385
899,164.63275230000033,34.28,2.329615861214374,5.18,72,62,34.33962264150943
900,165.01435290000035,34.39,2.3213954924359372,5.009803921568627,70,62.745098039215684,34.35114503816794
901,165.55364040000035,34.4,2.320679012345679,5.009803921568627,73,62.745098039215684,34.35114503816794
902,165.84784470000034,34.33,2.3198267862666255,5.098039215686274,71,65.68627450980392,33.582089552238806
903,166.17383700000033,34.44,2.3061035758323056,5.313725490196078,66,67.64705882352942,34.64285714285714
904,166.52043320000033,34.56,2.311117936117936,5.196078431372549,61,65.68627450980392,34.798534798534796
905,167.01493300000033,34.46,2.3142329020332717,5.09,60,63,35.24904214559387
906,167.36072000000033,34.38,2.320259419394688,5.01,59,61,35.15625
907,167.70595890000033,34.46,2.3170055452865066,4.87,59,59,35.88709677419355
908,168.04200460000033,34.35,2.310355486862442,4.8,56,56.00000000000001,36.21399176954733
909,168.54779660000034,34.32,2.3094059405940595,4.7745098039215685,56,54.90196078431373,36.58536585365854
910,168.88713470000033,34.34,2.3051948051948052,4.7745098039215685,58,56.86274509803921,36.43724696356275
911,169.23789150000033,34.36,2.3136588380716936,4.794117647058823,62,56.86274509803921,36.29032258064516
912,169.57259680000033,34.45,2.3155624036979967,5.068627450980392,58,31.372549019607842,38.95582329317269
913,170.15268730000034,34.56,2.3151105651105652,4.84,61,62,35.08064516129033
914,170.50580800000034,34.66,2.3022045315370483,4.98,57,64,34.765625
915,170.85579570000036,34.71,2.298685417303577,4.99,58,63,35.15625
916,171.21032390000036,34.8,2.2890243902439025,5.09,57,61,35.76923076923077
917,171.59035520000037,34.86,2.2818015824710893,4.990196078431373,57,56.86274509803921,36.82170542635659
918,171.88368960000037,34.91,2.2792464296566393,5.019607843137255,57,57.84313725490197,36.15384615384615
919,172.24831880000036,35,2.2751515151515154,5.0588235294117645,55,57.84313725490197,36.25954198473282
920,172.70043890000036,35.17,2.2692191739523664,5.186274509803922,57,60.78431372549019,34.81481481481482
921,173.18090440000037,35.08,2.272974607013301,5.15,55,63,34.46969696969697
922,173.54772230000037,34.97,2.275098574461632,5.06,56,60,35.27131782945737
923,174.05353470000037,35.02,2.2746820109024832,5.04,59,60,35.019455252918284
924,174.49424610000037,34.95,2.2770864946889224,4.92,62,32,40.50632911392405
925,175.01930970000038,34.85,2.287366818873668,5.107843137254902,57,62.745098039215684,34.45692883895131
926,175.5354209000004,35,2.2906060606060605,4.970588235294118,60,35.294117647058826,38.61788617886179
927,175.9270625000004,34.88,2.2922749391727493,4.980392156862745,60,59.80392156862745,33.59073359073359
928,176.3556949000004,35.02,2.290430042398546,5.049019607843137,59,58.82352941176471,35.11450381679389
929,176.71229060000041,35.19,2.2907502259716783,5.107843137254902,60,62.745098039215684,34.08239700374532
930,177.06817540000043,35.09,2.2852825627077666,5.03,62,61,34.24124513618677
931,177.67205200000043,35.17,2.2842930358757916,5.04,58,62,33.72093023255814
932,178.31046730000043,35.2,2.292771084337349,4.94,58,57.99999999999999,34.66135458167331
933,178.70013110000042,35.15,2.2847662141779788,5.03,58,59,35.15625
934,179.23451880000042,35.15,2.285369532428356,5.127450980392157,58,58.82352941176471,35.714285714285715
935,179.65341560000041,35.1,2.2933534743202415,5.235294117647059,55,63.725490196078425,33.941605839416056
936,180.2147242000004,35.1,2.3003021148036256,5.127450980392157,57,62.745098039215684,33.2089552238806
937,180.7951995000004,35.07,2.2972482612639853,4.96078431372549,55,59.80392156862745,34.10852713178294
938,181.1643392000004,35.03,2.293975174084166,5.02,59,60,34.765625
939,181.7062831000004,34.99,2.2864504395271292,5.1,60,57.99999999999999,36.293436293436294
940,182.07944460000041,34.93,2.2842392954752504,5.13,56,63,33.460076045627375
941,182.42302300000043,34.9,2.2832826747720363,5.05,57,61,34.49612403100775
942,182.95954980000042,34.97,2.278738246891113,5.1568627450980395,56,63.725490196078425,34.074074074074076
943,183.32247990000042,35.15,2.271493212669683,5,57,59.80392156862745,35
944,183.6832616000004,35.21,2.2649804275820538,4.901960784313726,55,55.88235294117647,35.96837944664031
945,184.1409264000004,35.23,2.2768582606078844,4.950980392156863,57,58.82352941176471,35.40856031128405
946,184.57790200000042,35.32,2.267106842737095,4.96,56,60,34.387351778656125
947,184.94411710000043,35.27,2.266907123534716,5.02,55,60,35.9375
948,185.45067480000043,35.42,2.2707959305804906,5,52,28.000000000000004,39.74895397489539
949,185.7949751000004,35.33,2.2715271527152714,4.99,55,27,40.33613445378151
950,186.3012179000004,35.37,2.2670062930776145,5.549019607843137,54,30.392156862745097,36.63003663003663
951,186.8072911000004,35.3,2.2687687687687688,5.254901960784314,54,63.725490196078425,33.81818181818182
952,187.2708872000004,35.24,2.2713598074608905,5.1568627450980395,54,63.725490196078425,33.33333333333333
953,187.7779119000004,35.31,2.2692885019513658,5.068627450980392,54,58.82352941176471,35.361216730038024
954,188.1039634000004,35.35,2.260269865067466,4.950980392156863,52,56.86274509803921,35.15625
955,188.6122196000004,35.34,2.266646670665867,5.37,53,31,37.83783783783784
956,189.1477639000004,35.34,2.269646070785843,5.24,55,28.000000000000004,38.645418326693225
957,189.4960974000004,35.4,2.2655688622754493,5.37,53,27,38.13229571984436
958,189.8278142000004,35.3,2.257957957957958,5.37,53,27,38.13229571984436
959,190.1575209000004,35.3,2.254654654654655,5.117647058823529,52,59.80392156862745,34.21052631578947
960,190.5605448000004,35.38,2.2528460155781906,5.03921568627451,54,57.84313725490197,34.86590038314176
961,190.8578605000004,35.29,2.2580354460799037,5.088235294117647,55,58.82352941176471,34.84848484848485
962,191.30822980000042,35.3,2.263963963963964,5.352941176470588,56,30.392156862745097,37.26235741444867
963,191.81125280000043,35.21,2.2685937970490815,5.06,55,60,33.72093023255814
964,192.36514720000042,35.33,2.273927392739274,5.44,58,30,37.02290076335878
965,192.70391250000043,35.26,2.2778111846061333,5.1,57,60,33.46153846153846
966,193.15386460000042,35.24,2.2845968712394704,5.16,57,64,32.83018867924528
967,193.67776650000042,35.19,2.2838204278397107,5.450980392156863,54,30.392156862745097,36.940298507462686
968,194.0532617000004,35.17,2.2909255351220983,5.245098039215686,59,60.78431372549019,34.798534798534796
969,194.4965278000004,35.23,2.2907011736382787,5.186274509803922,60,31.372549019607842,38.03921568627451
970,194.8548686000004,35.25,2.287218045112782,4.950980392156863,59,58.82352941176471,34.63035019455253
971,195.2061913000004,35.33,2.2886288628862888,4.96,56,57.99999999999999,35.317460317460316
972,195.7292887000004,35.38,2.287896944278011,5.08,55,62,34.61538461538461
973,196.2306120000004,35.39,2.2941000299490866,4.98,55,60,34.645669291338585
974,196.5879146000004,35.44,2.2939593301435406,5.08,55,30,38.52459016393443
975,197.1386271000004,35.45,2.2956651718983556,5.088235294117647,56,64.70588235294117,32.958801498127336
976,197.47324260000042,35.54,2.287716159809183,5.421568627450981,55,33.33333333333333,36.19402985074627
977,198.03202690000043,35.45,2.3004484304932737,5.450980392156863,62,32.35294117647059,36.43122676579926
978,198.39167870000043,35.37,2.308360803116572,5.470588235294118,57,32.35294117647059,36.2962962962963
979,198.81717750000044,35.3,2.3084084084084084,5.588235294117647,56,34.31372549019608,35.74007220216607
980,199.15345790000043,35.34,2.3149370125974804,5.45,55,31,36.88212927756654
981,199.65494230000044,35.31,2.323926748724107,5.63,61,35,35.4014598540146
982,200.04864470000044,35.38,2.316656680647094,5.48,60,34,36.09022556390977
983,200.56715580000045,35.38,2.3247453565008986,5.43,55,31,37.02290076335878
984,201.10609740000044,35.36,2.3276378896882495,5.166666666666667,62,56.86274509803921,35.95505617977528
985,201.65180060000043,35.35,2.3325337331334333,5.264705882352941,60,29.411764705882355,38.372093023255815
986,202.01150440000043,35.41,2.3352289733612692,5.166666666666667,61,58.82352941176471,35.44776119402985
987,202.55755840000043,35.37,2.3374288282888824,5.176470588235294,59,61.76470588235294,34.44444444444444
988,203.13368130000043,35.32,2.3484393757503,5.06,62,60,33.72093023255814
989,203.57084940000044,35.32,2.3556422569027613,4.99,60,59,33.85826771653544
990,203.94408280000044,35.37,2.3506143242433324,5.07,56,59,34.49612403100775
991,204.27578660000046,35.35,2.363718140929535,5.06,58,60,34.10852713178294
992,204.64903340000046,35.24,2.3763537906137184,5.215686274509804,58,63.725490196078425,33.33333333333333
993,205.14421270000045,35.19,2.382946670683941,5.303921568627451,59,66.66666666666666,32.61648745519714
994,205.53096610000046,35.19,2.3847544441096717,5.166666666666667,66,62.745098039215684,33.33333333333333
995,205.91843680000045,35.16,2.3890229191797347,5.392156862745098,62,34.31372549019608,36.329588014981276
996,206.31371780000046,35.19,2.396504971376921,5.13,56,63,32.69961977186312
997,206.70747580000045,35.22,2.3895243829018664,5.17,56,63,32.45283018867924
998,207.21609910000046,35.18,2.392706449668475,5.16,59,64,32.075471698113205
999,207.57878620000045,35.24,2.3877858002406738,5.31,58,33,36.57587548638132
